player_id,player_name,appearances,teams,total_points,position_id,position,attack_rating,defence_rating,overall_rating,reliability,reliable_overall
313,Jake Trueman,128,3,113.0,6,Position 6,2.1777323364073347,3.3878486310679747,5.565580967475309,1.0,5.565580967475309
165,Bevan French,132,1,452.0,6,Position 6,2.996242426491228,2.200722524222567,5.196964950713795,1.0,5.196964950713795
246,Tom Whitehead,35,3,4.0,18,Position 18,3.375757528811645,2.029509242604543,5.405266771416188,0.9354143466934853,5.056164085688279
40,Josh Charnley,163,2,476.0,2,Position 2,2.6827918893703253,1.498383787063745,4.18117567643407,1.0,4.18117567643407
170,Tyler Dupree,112,4,36.0,16,Position 16,2.001775102177399,1.9704387177298337,3.9722138199072328,1.0,3.9722138199072328
184,Tom Johnstone,121,2,368.0,5,Position 5,1.328475827651281,2.5829562992868063,3.911432126938087,1.0,3.911432126938087
376,Richie Myler,71,1,128.0,1,Position 1,3.0825254851080564,0.8266081696525973,3.9091336547606534,1.0,3.9091336547606534
190,Julian Bousquet,156,1,76.0,10,Position 10,2.5631702318837695,1.3263277100844468,3.8894979419682163,1.0,3.8894979419682163
60,Jake Connor,165,3,715.0,6,Position 6,1.809604971431522,1.9859815333515798,3.7955865047831017,1.0,3.7955865047831017
25,Sauaso Sue,85,1,52.0,8,Position 8,1.3112145582445385,2.454255594783677,3.7654701530282155,1.0,3.7654701530282155
176,Kaide Ellis,121,1,16.0,13,Position 13,2.772941824531813,0.9714347770635217,3.7443766015953344,1.0,3.7443766015953344
379,Aidan Sezer,103,3,275.0,7,Position 7,0.8649709712151993,2.663330816901428,3.5283017881166274,1.0,3.5283017881166274
75,Konrad Hurrell,107,2,176.0,3,Position 3,2.2412224729346155,1.2788431002662919,3.5200655732009074,1.0,3.5200655732009074
163,Jai Field,118,1,344.0,1,Position 1,2.7802870860130358,0.7095168858233308,3.4898039718363667,1.0,3.4898039718363667
285,Matty Nicholson,49,2,72.0,11,Position 11,1.6505527842374859,1.832314997118981,3.482867781356467,1.0,3.482867781356467
579,Krisnan Inu,46,1,403.0,3,Position 3,2.117640088655535,1.2821799557107338,3.399820044366269,1.0,3.399820044366269
276,Joe Batchelor,116,2,104.0,11,Position 11,2.359719317401934,0.9914843692314679,3.351203686633402,1.0,3.351203686633402
29,James Batchelor,155,2,112.0,11,Position 11,1.718527550218541,1.6107538769527512,3.329281427171292,1.0,3.329281427171292
628,Robert Lui,52,2,69.0,6,Position 6,1.7267175191412432,1.4959593087548648,3.222676827896108,1.0,3.222676827896108
82,Matty Lees,132,1,16.0,10,Position 10,2.2381740533603125,0.934607342194028,3.1727813955543405,1.0,3.1727813955543405
189,Michael McIlorum,106,2,28.0,9,Position 9,1.6344264372570847,1.4554573305408973,3.089883767797982,1.0,3.089883767797982
65,Matty English,139,2,32.0,16,Position 16,1.5017866119119627,1.552436423286901,3.0542230351988637,1.0,3.0542230351988637
86,Alex Walmsley,159,1,132.0,8,Position 8,0.5535470441414574,2.4822205050736517,3.035767549215109,1.0,3.035767549215109
76,Mark Percival,127,1,530.0,4,Position 4,0.740974502705257,2.1444504805579423,2.8854249832631993,1.0,2.8854249832631993
186,Mike McMeeken,156,3,112.0,11,Position 11,1.3346505903252004,1.510059549714619,2.8447101400398194,1.0,2.8447101400398194
515,Dan Sarginson,47,2,24.0,3,Position 3,1.8985003864182914,0.9258009183124898,2.8243013047307812,1.0,2.8243013047307812
112,Brodie Croft,122,2,214.0,6,Position 6,1.3544835715493677,1.4540009513258747,2.8084845228752426,1.0,2.8084845228752426
257,Sam Luckley,124,2,28.0,16,Position 16,2.179154354759508,0.6116465580985854,2.7908009128580935,1.0,2.7908009128580935
214,Zane Musgrove,33,1,4.0,16,Position 16,1.26042748083272,1.8120201625317236,3.072447643364444,0.9082951062292475,2.7906891586135085
116,James Bentley,136,3,104.0,11,Position 11,0.6023019821293165,2.1878147916363946,2.7901167737657113,1.0,2.7901167737657113
403,Kane Linnett,97,1,144.0,12,Position 12,1.2807830085401528,1.4412830590597805,2.7220660675999335,1.0,2.7220660675999335
19,Niall Evalds,117,4,200.0,1,Position 1,0.714147366228891,1.9597945681549562,2.6739419343838473,1.0,2.6739419343838473
130,Tim Lafai,66,1,84.0,4,Position 4,1.6962213422527728,0.9713136602581572,2.66753500251093,1.0,2.66753500251093
175,Patrick Mago,128,1,28.0,16,Position 16,1.705119469893897,0.896599345395485,2.6017188152893818,1.0,2.6017188152893818
183,Matt Ikuvalu,35,1,36.0,3,Position 3,1.6813653340327652,1.0410436722200054,2.7224090062527706,0.9354143466934853,2.546580442016396
137,Brad Singleton,139,5,36.0,8,Position 8,0.10549486331134218,2.3989704286069107,2.504465291918253,1.0,2.504465291918253
346,Sam Tomkins,107,1,441.0,1,Position 1,1.1027729485889415,1.3740518774456127,2.4768248260345542,1.0,2.4768248260345542
23,Tyrone May,117,2,108.0,6,Position 6,0.7110621816227135,1.7312651059150084,2.4423272875377218,1.0,2.4423272875377218
129,Deon Cross,110,2,152.0,3,Position 3,0.6847933979916846,1.711865353399705,2.3966587513913895,1.0,2.3966587513913895
125,Lachlan Miller,67,1,106.0,1,Position 1,0.6558259711613913,1.716603248591181,2.3724292197525725,1.0,2.3724292197525725
30,Elliot Minchella,134,1,64.0,13,Position 13,1.3230997565841016,1.034645001611571,2.3577447581956728,1.0,2.3577447581956728
74,Tommy Makinson,127,2,664.0,2,Position 2,1.1077239720078762,1.2448674228962286,2.352591394904105,1.0,2.352591394904105
140,Chris Atkin,171,4,159.0,15,Position 15,0.5987197784782526,1.7227217181776984,2.321441496655951,1.0,2.321441496655951
604,Jackson Hastings,95,3,249.0,7,Position 7,0.29287637029634217,2.022799748706385,2.315676119002727,1.0,2.315676119002727
597,James Maloney,38,1,371.0,6,Position 6,1.883865191502465,0.4724797670501479,2.356344958552613,0.9746794344808963,2.296680971643972
13,Jack Brown,127,3,28.0,16,Position 16,1.385689551336827,0.910743584174937,2.296433135511764,1.0,2.296433135511764
132,Marc Sneyd,176,3,1285.0,7,Position 7,1.397204956490521,0.8967684820226959,2.2939734385132167,1.0,2.2939734385132167
22,Ryan Hall,139,2,308.0,5,Position 5,0.849820521352227,1.4329020990378734,2.2827226203901003,1.0,2.2827226203901003
428,Ava Seumanufagai,46,2,16.0,16,Position 16,0.5550704354960005,1.7061648584448517,2.261235293940852,1.0,2.261235293940852
37,Zak Hardaker,179,4,786.0,3,Position 3,0.7685468267872411,1.4684810333640064,2.2370278601512474,1.0,2.2370278601512474
24,Mikey Lewis,133,1,558.0,7,Position 7,1.1216301630483023,1.089318915340887,2.2109490783891896,1.0,2.2109490783891896
36,Peta Hiku,78,1,110.0,3,Position 3,0.9088388372712097,1.2885997080210354,2.197438545292245,1.0,2.197438545292245
62,Chris Hill,129,3,32.0,8,Position 8,0.37500536506166676,1.8010929953836328,2.1760983604452995,1.0,2.1760983604452995
321,Josh Rourke,56,3,96.0,1,Position 1,0.8119557179367324,1.334767852237299,2.1467235701740313,1.0,2.1467235701740313
57,Kevin Naiqama,114,2,228.0,3,Position 3,1.6926477999295144,0.44815741300813605,2.1408052129376505,1.0,2.1408052129376505
213,Danny Walker,156,1,72.0,9,Position 9,0.6535230231621567,1.4843957583360707,2.1379187814982274,1.0,2.1379187814982274
123,James Donaldson,113,1,34.0,18,Position 18,1.6307121088377616,0.4642003733054656,2.0949124821432275,1.0,2.0949124821432275
80,Lewis Dodd,100,2,155.0,7,Position 7,0.7754124999561797,1.2424564362668336,2.0178689362230133,1.0,2.0178689362230133
487,Greg Burke,66,1,4.0,16,Position 16,1.6177176126371837,0.3974155036478424,2.015133116285026,1.0,2.015133116285026
262,Ethan Ryan,87,3,152.0,2,Position 2,0.8039068139386989,1.202744628916451,2.0066514428551496,1.0,2.0066514428551496
427,Aaron Smith,40,2,36.0,17,Position 17,1.5423675339702894,0.43521745191292815,1.9775849858832175,1.0,1.9775849858832175
668,Jordan Rankin,31,1,78.0,1,Position 1,0.5409273302140569,1.6770247579667041,2.217952088180761,0.8803408430829505,1.9525538112266414
805,Isaiah Vagana,40,1,24.0,11,Position 11,1.1428571271104397,0.8087144478611836,1.9515715749716234,1.0,1.9515715749716234
380,Morgan Gannon,69,1,48.0,12,Position 12,1.100551602978621,0.845111448503571,1.945663051482192,1.0,1.945663051482192
375,Sam Kasiano,100,2,64.0,16,Position 16,0.6445942682220861,1.290076672279864,1.9346709405019502,1.0,1.9346709405019502
271,Junior Nsemba,88,1,68.0,12,Position 12,0.6454325493328039,1.2777103481633647,1.9231428974961686,1.0,1.9231428974961686
718,Jonathan Lomax,26,1,68.0,6,Position 6,1.935027464822527,0.4413480371897804,2.376375502012307,0.806225774829855,1.915895180396558
134,Kallum Watkins,147,2,138.0,11,Position 11,1.105354929858588,0.8098392081809864,1.9151941380395745,1.0,1.9151941380395745
243,Zach Eckersley,70,1,172.0,2,Position 2,1.45684645269478,0.45484587578619073,1.9116923284809708,1.0,1.9116923284809708
173,Liam Farrell,172,1,228.0,12,Position 12,1.4040644661452069,0.4300467785231222,1.834111244668329,1.0,1.834111244668329
308,Tom Nicholson-Watton,28,2,0.0,16,Position 16,1.7419087060707041,0.44685559330684854,2.188764299377553,0.8366600265340756,1.8312515967940608
422,Chris McQueen,78,1,132.0,11,Position 11,0.5158807914367362,1.2994526159125428,1.815333407349279,1.0,1.815333407349279
238,Morgan Knowles,144,1,96.0,13,Position 13,0.7634395895134968,1.044364739286946,1.8078043288004428,1.0,1.8078043288004428
596,Luke Briscoe,43,1,44.0,2,Position 2,0.9368494986264216,0.8509374589051498,1.7877869575315715,1.0,1.7877869575315715
609,Tony Clubb,43,1,12.0,8,Position 8,0.560215990797351,1.2254622873199972,1.7856782781173481,1.0,1.7856782781173481
45,Robbie Mulhern,87,1,24.0,10,Position 10,0.5661472778672775,1.2190541604974914,1.7852014383647687,1.0,1.7852014383647687
42,Gareth O'Brien,130,3,327.0,6,Position 6,0.9253996959925073,0.8302017393384452,1.7556014353309526,1.0,1.7556014353309526
202,Matty Ashton,117,1,376.0,5,Position 5,0.8978703125560108,0.8469612742253309,1.7448315867813418,1.0,1.7448315867813418
32,Yusuf Aydin,96,4,16.0,18,Position 18,0.9394170364922247,0.8034422193751093,1.7428592558673341,1.0,1.7428592558673341
333,Loghan Lewis,33,2,0.0,8,Position 8,1.0299309601365658,0.8784711452363342,1.9084021053729,0.9082951062292475,1.7333922930277976
807,Kyle Feldt,26,1,176.0,2,Position 2,1.542529751213234,0.5939773859621988,2.1365071371754327,0.806225774829855,1.7225071220987787
55,Ashton Golding,109,2,52.0,17,Position 17,-0.33187586226852045,2.038370678351163,1.7064948160826423,1.0,1.7064948160826423
617,Joel Tomkins,47,2,40.0,11,Position 11,1.2110996038399007,0.4892048815816586,1.7003044854215592,1.0,1.7003044854215592
505,Oliver Ashall-Bott,56,4,92.0,1,Position 1,1.1681843491885366,0.5152284246409324,1.683412773829469,1.0,1.683412773829469
650,Kris Welham,43,1,40.0,3,Position 3,0.9351874686667211,0.7458823250068318,1.681069793673553,1.0,1.681069793673553
506,Tinirau Arona,67,1,16.0,10,Position 10,0.6593832159510078,0.980819988192268,1.6402032041432757,1.0,1.6402032041432757
489,Matt Prior,58,1,28.0,10,Position 10,1.3375847238156324,0.30198934514896797,1.6395740689646003,1.0,1.6395740689646003
803,Caius Faatili,46,1,64.0,16,Position 16,0.7600811182935995,0.8740690615866815,1.6341501798802809,1.0,1.6341501798802809
833,Seth Nikotemo,32,1,32.0,12,Position 12,1.1704201633012628,0.6522324067627184,1.822652570063981,0.8944271909999159,1.6302300184111038
648,Zeb Taia,42,1,32.0,12,Position 12,0.6111247687278357,1.0132435609347186,1.6243683296625542,1.0,1.6243683296625542
178,Brad O'Neill,106,1,32.0,9,Position 9,1.0557425845909219,0.5261034100912454,1.5818459946821672,1.0,1.5818459946821672
228,Leon Hayes,28,1,16.0,6,Position 6,1.4625893570957798,0.42664282826030087,1.8892321853560805,0.8366600265340756,1.580645050329048
182,Tom Davies,158,3,356.0,2,Position 2,0.05576512770986348,1.5044578567174687,1.560222984427332,1.0,1.560222984427332
290,Joe Mellor,91,5,70.0,9,Position 9,1.1704585305807158,0.3783160554894831,1.548774586070199,1.0,1.548774586070199
168,Adam Keighran,95,2,772.0,3,Position 3,0.6000780590903022,0.9270855596941101,1.5271636187844124,1.0,1.5271636187844124
401,Lachlan Coote,84,2,794.0,1,Position 1,1.2727195911622766,0.2538673127759564,1.5265869039382332,1.0,1.5265869039382332
717,Thomas Makinson,27,1,93.0,2,Position 2,1.1862073167261387,0.6715863589158684,1.857793675642007,0.8215838362577492,1.5263332550093447
378,Blake Austin,104,3,150.0,6,Position 6,1.1176646677308892,0.39236168907531827,1.5100263568062076,1.0,1.5100263568062076
204,Josh Drinkwater,134,3,110.0,7,Position 7,0.24504681274979592,1.258483139575193,1.503529952324989,1.0,1.503529952324989
223,Matthieu Laguerre,83,1,108.0,3,Position 3,0.1891379677455179,1.311994344620262,1.5011323123657798,1.0,1.5011323123657798
806,Tristan Sailor,52,1,124.0,1,Position 1,1.026933840715863,0.46664251181658706,1.4935763525324501,1.0,1.4935763525324501
820,Lachlan Walmsley,23,1,60.0,2,Position 2,1.4143360530576319,0.5539248556333719,1.9682609086910037,0.758287544405155,1.4925077311999602
193,Theo Fages,114,3,87.0,7,Position 7,0.2608949418139479,1.2053636008148412,1.466258542628789,1.0,1.466258542628789
670,Adam Cuthbertson,35,1,24.0,16,Position 16,1.1468940925524536,0.4197091763789397,1.5666032689313933,0.9354143466934853,1.4654231733353378
200,Toby King,174,3,264.0,4,Position 4,0.04208781346986877,1.420917523798544,1.4630053372684129,1.0,1.4630053372684129
382,Max Jowitt,99,1,432.0,1,Position 1,0.720588665469957,0.7320782761891936,1.4526669416591507,1.0,1.4526669416591507
161,Elie El-Zakhem,25,1,8.0,11,Position 11,0.6092835804509726,1.1685017769611692,1.7777853574121418,0.7905694150420949,1.4054627300797184
305,Noah Stephens,39,1,8.0,14,Position 14,1.1223604633540187,0.29782214091272674,1.4201826042667456,0.9874208829065749,1.402317960993629
205,Sam Powell,166,2,98.0,9,Position 9,0.12609258178617644,1.257169006461173,1.3832615882473493,1.0,1.3832615882473493
478,Harvey Smith,47,1,20.0,17,Position 17,1.1375245199962674,0.23949556040248093,1.3770200803987482,1.0,1.3770200803987482
396,Manu Ma'u,59,2,32.0,12,Position 12,0.2505277897167767,1.0866363076377281,1.337164097354505,1.0,1.337164097354505
460,David Fifita,87,1,76.0,16,Position 16,0.8495919042706997,0.4854134785685738,1.3350053828392736,1.0,1.3350053828392736
234,Max Wood,44,2,8.0,16,Position 16,0.2634874843407768,1.071323319131522,1.3348108034722987,1.0,1.3348108034722987
835,Bill Leyland,27,3,16.0,17,Position 17,0.9580887912030953,0.6624341289997225,1.6205229202028177,0.8215838362577492,1.3313954375238415
81,Daryl Clark,172,2,160.0,9,Position 9,0.895313097255998,0.43459932171360893,1.3299124189696068,1.0,1.3299124189696068
539,Josh Johnson,27,1,4.0,16,Position 16,1.17744201517732,0.43209087104190635,1.6095328862192262,0.8215838362577492,1.3223662032429992
755,Jarrod Sammut,14,1,8.0,15,Position 15,1.738811846429318,0.47475917959047786,2.213571026019796,0.5916079783099616,1.309566279549079
741,Kieran Dixon,27,1,190.0,2,Position 2,0.8790902618363884,0.7142041497897614,1.5932944116261498,0.8215838362577492,1.3090249349918455
53,Jack Hughes,154,3,44.0,11,Position 11,0.3343094584266466,0.9738846203774183,1.308194078804065,1.0,1.308194078804065
420,Jermaine McGillvary,84,1,208.0,2,Position 2,0.8279063708212748,0.46932354376824964,1.2972299145895245,1.0,1.2972299145895245
345,Owen Dagnall,29,1,52.0,5,Position 5,0.9121338010289302,0.601485276489561,1.513619077518491,0.85146931829632,1.2888002040949742
7,Jack Ashworth,110,5,24.0,18,Position 18,0.7467121347434702,0.5411486929572175,1.2878608277006878,1.0,1.2878608277006878
47,Dan Norman,38,3,12.0,16,Position 16,0.8106963083896175,0.5068202887418148,1.3175165971314322,0.9746794344808963,1.2841563318112592
166,Jake Wardle,167,3,304.0,4,Position 4,0.01873780170612198,1.264691844985808,1.28342964669193,1.0,1.28342964669193
391,Eddie Battye,104,2,16.0,16,Position 16,0.9636282516562754,0.2962189669687,1.2598472186249754,1.0,1.2598472186249754
72,Jack Murchie,13,1,8.0,11,Position 11,0.9760547468885228,1.2281433962731745,2.2041981431616975,0.570087712549569,1.2565862774410597
179,Willie Isa,107,1,36.0,11,Position 11,0.8166668447783284,0.43843497953473126,1.2551018243130596,1.0,1.2551018243130596
226,Josh Thewlis,120,1,406.0,2,Position 2,0.4869598136608596,0.7666308934864482,1.2535907071473078,1.0,1.2535907071473078
52,Frankie Halton,95,2,64.0,12,Position 12,-0.07398018752173813,1.320821193176696,1.246841005654958,1.0,1.246841005654958
536,Mathieu Cozza,50,3,0.0,16,Position 16,1.3771805726273965,-0.14155296424467695,1.2356276083827196,1.0,1.2356276083827196
12,Joe Cator,76,2,12.0,13,Position 13,-0.05834761699904061,1.2887211185524061,1.2303735015533654,1.0,1.2303735015533654
185,Jordan Abdull,91,3,233.0,6,Position 6,0.1542216494934418,1.0754230973658017,1.2296447468592435,1.0,1.2296447468592435
466,Luke Gale,55,3,162.0,7,Position 7,0.6254400382366904,0.6035161683461245,1.228956206582815,1.0,1.228956206582815
584,Declan Patton,41,2,101.0,7,Position 7,1.0016202752181942,0.2198400833654518,1.2214603585836459,1.0,1.2214603585836459
331,Jacob Douglas,26,3,36.0,2,Position 2,0.3572445401034474,1.1503225819895946,1.507567122093042,0.806225774829855,1.2154394711174774
377,Derrell Olpherts,95,3,192.0,2,Position 2,0.9915041712239695,0.21767746489405246,1.2091816361180219,1.0,1.2091816361180219
374,Thomas Mikaele,25,1,16.0,8,Position 8,0.7832709164741893,0.739021057762874,1.5222919742370633,0.7905694150420949,1.2034774755958708
796,Tevita Pangai Junior,24,2,16.0,8,Position 8,0.6301133103352042,0.9013635067043276,1.5314768170395319,0.7745966692414834,1.18627684149937
317,George Griffin,127,2,36.0,10,Position 10,-0.11137725335001057,1.2969613926517696,1.185584139301759,1.0,1.185584139301759
799,Jordan Rapana,21,1,12.0,3,Position 3,0.24034275727937818,1.3897484536383622,1.6300912109177403,0.724568837309472,1.1811132934030564
181,Arthur Mourgue,124,2,629.0,1,Position 1,0.36694855754602734,0.8062526261055414,1.1732011836515688,1.0,1.1732011836515688
310,Louis Brogan,35,1,4.0,18,Position 18,1.0905705804260524,0.16082003024677716,1.2513906106728294,0.9354143466934853,1.1705687305408863
496,Dominique Peyroux,59,2,40.0,11,Position 11,0.8487830371653523,0.3041214659057235,1.1529045030710758,1.0,1.1529045030710758
601,Grant Millington,50,1,24.0,10,Position 10,0.6981330486606172,0.45236194962778126,1.1504949982883985,1.0,1.1504949982883985
450,Nathan Wilde,15,1,0.0,16,Position 16,1.0688585831566957,0.7880236424235346,1.8568822255802302,0.6123724356957945,1.1371034912787932
533,Michael Lawrence,66,1,8.0,13,Position 13,0.8615078204296226,0.2732016986428588,1.1347095190724814,1.0,1.1347095190724814
66,Oliver Wilson,105,1,8.0,16,Position 16,-0.44023000802368145,1.5600774768075591,1.1198474687838778,1.0,1.1198474687838778
826,Liam Knight,20,1,0.0,10,Position 10,0.5949679842505585,0.9798670406039324,1.574835024854491,0.7071067811865476,1.1135765253246956
256,Joe Burgess,143,3,376.0,5,Position 5,-0.07250088631655856,1.1666604010295827,1.094159514713024,1.0,1.094159514713024
49,Owen Trout,126,3,64.0,16,Position 16,0.4196161209192081,0.6726705802323364,1.0922867011515445,1.0,1.0922867011515445
765,Adam Walker,23,1,16.0,16,Position 16,0.9222663401706402,0.49723635228680746,1.4195026924574476,0.758287544405155,1.076391210940064
11,Danny Houghton,119,1,48.0,9,Position 9,0.814678402904702,0.24751415669528423,1.0621925595999862,1.0,1.0621925595999862
531,Harrison Hansen,20,1,4.0,16,Position 16,0.15376652569635843,1.3070173276860837,1.4607838533824422,0.7071067811865476,1.0329301685745405
514,Brad Walker,25,1,6.0,9,Position 9,1.0386706039767934,0.25405017941878494,1.2927207833955783,0.7905694150420949,1.021985513541801
424,Will Pryce,58,2,227.0,1,Position 1,0.4849816631156119,0.5368187193189209,1.0218003824345328,1.0,1.0218003824345328
671,Ratu Naulago,30,1,80.0,2,Position 2,0.866472196502494,0.31055743617438825,1.177029632676882,0.8660254037844386,1.0193375629052464
553,Regan Grace,75,1,196.0,5,Position 5,0.8018725693264562,0.21308238053344233,1.0149549498598986,1.0,1.0149549498598986
265,Luke Yates,165,4,60.0,13,Position 13,0.094253017420382,0.9183617726599109,1.0126147900802929,1.0,1.0126147900802929
502,Guy Armitage,27,3,36.0,3,Position 3,0.41743994930694794,0.8119195222832153,1.2293594715901632,0.8215838362577492,1.0100218708088458
730,Mose Masoe,24,1,12.0,8,Position 8,-0.02409406226116538,1.327092522594135,1.3029984603329696,0.7745966692414834,1.0092982674006994
437,James Roby,109,1,48.0,9,Position 9,-0.007729997963092611,1.0064705582309936,0.998740560267901,1.0,0.998740560267901
91,Lee Kershaw,81,4,96.0,2,Position 2,-0.4875929187030468,1.4738929013690305,0.9862999826659837,1.0,0.9862999826659837
442,Harry Bowes,30,1,0.0,17,Position 17,-0.3038957511881066,1.4415007202919443,1.1376049691038377,0.8660254037844386,0.9851948027153348
444,Mitchell Pearce,39,1,56.0,6,Position 6,-0.11655938594694683,1.1080730810964539,0.991513695149507,0.9874208829065749,0.9790413282784868
624,Eribe Doro,30,3,8.0,16,Position 16,0.3805239646471518,0.7377187104897619,1.1182426751369137,0.8660254037844386,0.9684265642644364
836,Leo Darrelatour,21,1,36.0,5,Position 5,1.0294470262481585,0.3038525002110621,1.3332995264592207,0.724568837309472,0.966067287671827
508,Josh Reynolds,22,1,28.0,6,Position 6,0.5264011101701417,0.7745607588346578,1.3009618690047995,0.7416198487095663,0.964819144468254
849,Jayden Myers,20,1,36.0,5,Position 5,1.1556960578724655,0.18766111701175947,1.343357174884225,0.7071067811865476,0.9498969679162385
599,Adam Quinlan,26,1,56.0,1,Position 1,0.5850434417495997,0.5893682759526969,1.1744117177022966,0.806225774829855,0.946840997073795
598,Jason Baitieri,44,1,8.0,18,Position 18,0.33491248226732206,0.6103790438056164,0.9452915260729384,1.0,0.9452915260729384
583,Elliot Kear,39,2,16.0,4,Position 4,0.39023189623801713,0.5614698259968672,0.9517017222348844,0.9874208829065749,0.9397301548328775
843,AJ Wallace,20,2,0.0,18,Position 18,0.8299712671691016,0.4967680314477743,1.326739298616876,0.7071067811865476,0.9381463549186769
842,Noah Booth,21,1,36.0,14,Position 14,0.7080004519146699,0.5683760247609045,1.2763764766755745,0.724568837309472,0.9248226196739814
351,Bailey Hodgson,40,2,36.0,1,Position 1,1.0571962340340129,-0.13253293750249145,0.9246632965315214,1.0,0.9246632965315214
405,Morgan Smithies,105,1,8.0,13,Position 13,0.35389067868931384,0.5679206312181362,0.9218113099074501,1.0,0.9218113099074501
46,John Asiata,60,2,8.0,13,Position 13,0.37966978447672456,0.5373958191266434,0.917065603603368,1.0,0.917065603603368
298,Louis Senior,85,3,152.0,2,Position 2,1.852891850969266,-0.9365311507856173,0.9163607001836487,1.0,0.9163607001836487
121,Jarrod O'Connor,142,1,40.0,9,Position 9,-0.09318289311157611,1.0032548027096648,0.9100719095980887,1.0,0.9100719095980887
411,Jake Mamo,70,2,152.0,3,Position 3,0.4425514780957992,0.4621788235184495,0.9047303016142487,1.0,0.9047303016142487
413,Bureta Faraimo,87,2,148.0,2,Position 2,0.014046260587368674,0.8892175876732578,0.9032638482606264,1.0,0.9032638482606264
252,Brad Dwyer,164,5,133.0,17,Position 17,-0.30144195769427373,1.204263871520353,0.9028219138260793,1.0,0.9028219138260793
2,Davy Litten,73,1,88.0,4,Position 4,-0.16188210628979058,1.062171002849939,0.9002888965601483,1.0,0.9002888965601483
79,Jonny Lomax,151,1,181.0,6,Position 6,-0.308771755508784,1.1984631421361944,0.8896913866274104,1.0,0.8896913866274104
748,Justin Horo,13,1,4.0,18,Position 18,1.1382101604562769,0.4152174485086245,1.5534276089649013,0.570087712549569,0.885589992206147
662,Paul Clough,20,1,4.0,16,Position 16,1.3269436465933346,-0.07490419494806456,1.25203945164527,0.7071067811865476,0.8853255865714569
453,Jimmy Keinhorst,68,2,56.0,18,Position 18,0.4487756577901267,0.4181458919322639,0.8669215497223905,1.0,0.8669215497223905
734,Logan Tomkins,24,1,4.0,9,Position 9,0.49347025610268314,0.615681200641724,1.1091514567444072,0.7745966692414834,0.8591450240785571
685,Mark Flanagan,33,1,12.0,18,Position 18,0.8334943177144966,0.10696422904175604,0.9404585467562526,0.9082951062292475,0.8542138956301741
692,Sam Moa,28,1,0.0,10,Position 10,0.519631732847186,0.49422346623308494,1.0138551990802709,0.8366600265340756,0.84825211776421
83,Sione Mata'utia,75,1,70.0,12,Position 12,0.06523792998432452,0.7814723470191383,0.8467102770034628,1.0,0.8467102770034628
259,Carlos Tuimavave,95,1,104.0,3,Position 3,-0.1410437314052579,0.98340010520573,0.842356373800472,1.0,0.842356373800472
110,Harry Newman,139,2,188.0,3,Position 3,0.6581783666421497,0.1722733861318201,0.8304517527739698,1.0,0.8304517527739698
752,Tuoyo Egodo,12,1,32.0,5,Position 5,0.9145438058827132,0.5922666324906464,1.5068104383733596,0.5477225575051661,0.8253140669813369
488,Sitaleki Akauola,58,2,20.0,16,Position 16,0.5087005798106796,0.3149583343308367,0.8236589141415163,1.0,0.8236589141415163
747,Ryan Morgan,21,1,20.0,3,Position 3,-0.11123402834352399,1.246062009772074,1.13482798142855,0.724568837309472,0.8222609910499395
312,Riley Lumb,28,3,54.0,5,Position 5,0.1940703371333542,0.7870264187675521,0.9810967559009063,0.8366600265340756,0.8208444378245477
504,Danny Levi,45,2,20.0,9,Position 9,0.42124631166867194,0.3948998405399803,0.8161461522086522,1.0,0.8161461522086522
746,Lama Tasi,17,1,0.0,16,Position 16,1.7377958675591902,-0.4923426931881354,1.2454531743710548,0.6519202405202649,0.8119361329927055
483,Brad Takairangi,23,1,16.0,3,Position 3,1.0088684307827849,0.05717745234249092,1.0660458831252757,0.758287544405155,0.8083693149382902
169,Harry Smith,162,1,729.0,7,Position 7,0.43759055763130705,0.3658466960262664,0.8034372536575735,1.0,0.8034372536575735
743,Anthony England,17,1,0.0,10,Position 10,0.9541697694758751,0.27539624823249703,1.229566017708372,0.6519202405202649,0.8015789739999861
39,Ricky Leutele,85,3,120.0,4,Position 4,0.3969678769601048,0.39811985123484034,0.7950877281949451,1.0,0.7950877281949451
660,Aaron Murphy,27,1,8.0,12,Position 12,0.5958936106213825,0.3700495311980544,0.9659431418194369,0.8215838362577492,0.7936032720628761
436,Daniel Smith,71,1,16.0,16,Position 16,-0.10041313798046005,0.882759242824973,0.782346104844513,1.0,0.782346104844513
550,Daniel Alvaro,15,1,4.0,10,Position 10,0.5633122899217774,0.6967721983680969,1.2600844882898743,0.6123724356957945,0.7716410072765592
118,Alfie Edgell,43,1,40.0,14,Position 14,0.3341611876403067,0.4340345326301428,0.7681957202704495,1.0,0.7681957202704495
653,Danny Brough,24,1,158.0,7,Position 7,0.17960320119667797,0.8091536241813007,0.9887568253779786,0.7745966692414834,0.7658877436275653
386,Lee Gaskell,61,2,109.0,6,Position 6,-0.2857319746511696,1.0513429926066882,0.7656110179555186,1.0,0.7656110179555186
315,Ethan Natoli,16,1,8.0,3,Position 3,0.7698338422110302,0.4320415345070027,1.201875376718033,0.6324555320336759,0.7601327308203782
150,Liam Watts,121,2,36.0,8,Position 8,-0.28603661611077585,1.0443497490990097,0.7583131329882338,1.0,0.7583131329882338
236,Sam Halsall,79,2,128.0,5,Position 5,0.08629883950471051,0.6683350128416645,0.754633852346375,1.0,0.754633852346375
68,Hugo Salabio,44,5,0.0,16,Position 16,0.6663714330830649,0.08462529333633087,0.7509967264193957,1.0,0.7509967264193957
742,Matty Fozard,23,1,12.0,17,Position 17,0.1432660767208463,0.8446099646800624,0.9878760414009087,0.758287544405155,0.7490940976105803
737,Richard Myler,27,1,29.0,7,Position 7,0.1859800387200171,0.7244139958138692,0.9103940345338863,0.8215838362577492,0.7479650233985202
594,Adam Tangata,17,1,4.0,16,Position 16,0.36474317890357866,0.7763751058445542,1.1411182847481327,0.6519202405202649,0.7439181066550747
59,Adam Swift,98,3,288.0,5,Position 5,0.48889573177777657,0.248495696798341,0.7373914285761176,1.0,0.7373914285761176
615,Anthony Gelling,17,2,32.0,3,Position 3,-0.2953024615475831,1.392797836160567,1.097495374612984,0.6519202405202649,0.7154794485875747
90,Waqa Blake,38,2,76.0,3,Position 3,0.46838008506152234,0.24406960447866127,0.7124496895401836,0.9746794344808963,0.6944100604971163
194,Jordan Dezaria,98,4,16.0,16,Position 16,0.27721365152641747,0.4166053565957003,0.6938190081221178,1.0,0.6938190081221178
423,Josh Jones,85,3,56.0,12,Position 12,0.2609932079677537,0.42427099167032384,0.6852641996380775,1.0,0.6852641996380775
180,Luke Thompson,98,2,52.0,10,Position 10,-0.48789743088471854,1.1718922133172405,0.6839947824325219,1.0,0.6839947824325219
43,Tom Amone,85,3,60.0,8,Position 8,0.11615598285249709,0.5647759515415801,0.6809319343940772,1.0,0.6809319343940772
404,Kai Pearce-Paul,60,1,32.0,11,Position 11,-0.712025229517056,1.3874788147605033,0.6754535852434472,1.0,0.6754535852434472
284,Guillermo Aispuro-Bichet,45,1,188.0,1,Position 1,0.7199656352017622,-0.05044534117883689,0.6695202940229252,1.0,0.6695202940229252
69,Adam Milner,112,2,36.0,9,Position 9,0.09414826433946923,0.5610979441880057,0.655246208527475,1.0,0.655246208527475
825,AJ Towse,13,1,24.0,14,Position 14,0.5777566764403577,0.5703258020720939,1.1480824785124515,0.570087712549569,0.6545077139934032
209,James Harrison,90,2,68.0,8,Position 8,1.1836111063423789,-0.5324393419997554,0.6511717643426235,1.0,0.6511717643426235
225,Benjamin Garcia,157,1,80.0,13,Position 13,-0.27342262630315006,0.916872227147862,0.6434496008447119,1.0,0.6434496008447119
254,James McDonnell,103,2,116.0,11,Position 11,-0.17729129865394067,0.8187601787847645,0.6414688801308238,1.0,0.6414688801308238
612,Kyle Wood,59,1,36.0,17,Position 17,0.3223020043399401,0.31436956394313936,0.6366715682830795,1.0,0.6366715682830795
447,Jamie Shaul,60,2,65.0,1,Position 1,-0.3238186126418085,0.9079041240500398,0.5840855114082313,1.0,0.5840855114082313
280,Ben McNamara,73,3,102.0,15,Position 15,1.0644768383393866,-0.483813145591671,0.5806636927477156,1.0,0.5806636927477156
171,Kruise Leeming,160,4,135.0,9,Position 9,-0.33004875622684876,0.8932246809593409,0.5631759247324921,1.0,0.5631759247324921
372,Greg Minikin,75,3,76.0,3,Position 3,0.1675705361934724,0.3940004790628423,0.5615710152563147,1.0,0.5615710152563147
141,Shane Wright,80,2,52.0,12,Position 12,-0.5558568255682871,1.1157408860854914,0.5598840605172043,1.0,0.5598840605172043
286,Paul McShane,130,2,101.0,9,Position 9,-0.23355837832915652,0.7887260106638553,0.5551676323346988,1.0,0.5551676323346988
239,King Vuniyayawa,81,4,24.0,16,Position 16,-0.5272824242999473,1.0771116418747326,0.5498292175747853,1.0,0.5498292175747853
430,Louie McCarthy-Scarsbrook,111,1,56.0,16,Position 16,-1.1274056748852246,1.6693926854351329,0.5419870105499083,1.0,0.5419870105499083
128,Nene Macdonald,61,3,76.0,3,Position 3,0.04235218733768844,0.497678415076635,0.5400306024143234,1.0,0.5400306024143234
672,Gareth Ellis,25,1,0.0,13,Position 13,0.5437600075842498,0.12862602606915638,0.6723860336534062,0.7905694150420949,0.5315678333078476
725,Mickey Paea,23,1,16.0,10,Position 10,0.5842662725432045,0.10020860341139065,0.6844748759545951,0.758287544405155,0.519028772894633
622,Dominic Manfredi,15,1,16.0,2,Position 2,0.7720493097238889,0.06491461177064389,0.8369639214945328,0.6123724356957945,0.5125336351951107
336,Ben Littlewood,13,3,0.0,18,Position 18,0.23072439000743644,0.6486286196728819,0.8793530096803184,0.570087712549569,0.5013083458122317
698,Ben Jones-Bishop,43,2,64.0,2,Position 2,0.5576900595330972,-0.05733563141428257,0.5003544281188147,1.0,0.5003544281188147
722,Akuila Uate,12,1,20.0,5,Position 5,0.9033525970003158,-0.005570627486886213,0.8977819695134296,0.5477225575051661,0.4917354364239207
71,Adam Clune,36,1,24.0,6,Position 6,0.4937720825676418,0.023588742551054493,0.5173608251186963,0.9486832980505138,0.49081157385573987
839,Ewan Irwin,20,1,132.0,7,Position 7,0.5657849263776044,0.12805977441827468,0.693844700795879,0.7071067811865476,0.4906222930231172
417,Kenny Edwards,93,3,40.0,12,Position 12,-0.3078672874747106,0.7921134974606314,0.48424620998592083,1.0,0.48424620998592083
210,Jordan Crowther,130,2,24.0,18,Position 18,-0.13335233783708225,0.6155245576810964,0.48217221984401415,1.0,0.48217221984401415
126,Paul Momirovski,23,1,28.0,3,Position 3,-0.03454686556509089,0.6559636008970444,0.6214167353319535,0.758287544405155,0.47121257028713515
281,Oliver Holmes,91,3,60.0,12,Position 12,-0.15953255898645544,0.6271523038227486,0.4676197448362931,1.0,0.4676197448362931
485,Thomas Leuluai,69,1,24.0,7,Position 7,0.4305294800785229,0.03445948672996929,0.46498896680849217,1.0,0.46498896680849217
159,Danny Richardson,71,6,401.0,7,Position 7,0.5207986088608765,-0.05890315135048277,0.46189545751039374,1.0,0.46189545751039374
212,Joe Philbin,152,1,40.0,16,Position 16,-0.04478879086050433,0.5060666996732602,0.4612779088127559,1.0,0.4612779088127559
318,Sam Eseh,65,5,24.0,16,Position 16,0.25323271802531877,0.2054110671852299,0.45864378521054866,1.0,0.45864378521054866
77,Matt Whitley,158,2,156.0,12,Position 12,-0.0781753866202117,0.5359962783143016,0.4578208916940899,1.0,0.4578208916940899
215,Lachlan Fitzgibbon,35,1,8.0,12,Position 12,-0.20660372573179211,0.6922912402809894,0.48568751454919734,0.9354143466934853,0.4543190691192201
245,Tom Forber,27,3,12.0,17,Position 17,0.2578009649775839,0.28004755620579097,0.5378485211833749,0.8215838362577492,0.44188765135939445
416,Nathan Massey,91,1,8.0,13,Position 13,-0.6985255977487279,1.1391189288886865,0.4405933311399586,1.0,0.4405933311399586
117,Rhyse Martin,158,2,1222.0,12,Position 12,0.43701314370866645,0.0012783059294912743,0.43829144963815775,1.0,0.43829144963815775
439,Matty Costello,49,2,48.0,4,Position 4,0.2343399054299829,0.19802149868679136,0.43236140411677426,1.0,0.43236140411677426
156,Muizz Mustapha,64,3,16.0,16,Position 16,-0.4801352227743818,0.9079316539493231,0.42779643117494126,1.0,0.42779643117494126
350,John Bateman,46,2,20.0,11,Position 11,-0.1384456418304191,0.5566696500518172,0.41822400822139816,1.0,0.41822400822139816
283,George Hill,39,2,0.0,13,Position 13,0.27741279950109216,0.14245738585650583,0.419870185357598,0.9874208829065749,0.4145885891319467
661,Ukuma Ta'ai,36,1,8.0,16,Position 16,-0.052457351835826546,0.4848194398752867,0.43236208803946014,0.9486832980505138,0.41017469163328163
852,Kian McDermott,14,1,8.0,16,Position 16,0.4320491270816897,0.2576507468583486,0.6896998739400383,0.5916079783099616,0.4080319480623014
606,Tyrone McCarthy,48,2,16.0,18,Position 18,0.6759482696250987,-0.268151436127468,0.4077968334976307,1.0,0.4077968334976307
94,Jack Campagnolo,15,1,8.0,6,Position 6,0.3896182725191238,0.26306496608974306,0.6526832386088668,0.6123724356957945,0.39968522456473116
490,Jason Clark,77,1,10.0,18,Position 18,0.3171302334550853,0.07192488090410179,0.38905511435918705,1.0,0.38905511435918705
34,Jez Litten,163,2,145.0,17,Position 17,-0.21476596803184736,0.6016253344737055,0.38685936644185814,1.0,0.38685936644185814
519,Benjamin Jullien,53,1,36.0,11,Position 11,0.53636223267178,-0.1514984872460236,0.38486374542575635,1.0,0.38486374542575635
434,Liam Hood,93,3,76.0,9,Position 9,-0.013297171297460858,0.38377820895269577,0.3704810376552349,1.0,0.3704810376552349
620,Jamie Ellis,21,3,76.0,7,Position 7,-0.4145834222598531,0.925340268858955,0.5107568465991019,0.724568837309472,0.3700784944881636
530,Morgan Escare,32,3,50.0,1,Position 1,0.33919484551758144,0.06296986627435243,0.40216471179193386,0.8944271909999159,0.35970705348735016
44,Matt Davis,154,3,52.0,17,Position 17,0.29876490056851934,0.05830034693420072,0.35706524750272006,1.0,0.35706524750272006
621,Mitch Clark,24,2,12.0,16,Position 16,0.34241036452874823,0.09726588066490571,0.43967624519365395,0.7745966692414834,0.34057175507160614
824,Andrew Badrock,20,1,16.0,18,Position 18,0.14371697176218698,0.3332964486109918,0.47701342037317873,0.7071067811865476,0.3372994242628639
153,Jack Broadbent,119,3,172.0,1,Position 1,-0.4292972878000404,0.7621973602840526,0.3329000724840122,1.0,0.3329000724840122
410,Jake Clifford,25,1,132.0,7,Position 7,0.30238784604286484,0.11673488906305919,0.419122735105924,0.7905694150420949,0.33134561552353325
21,Oliver Gildart,108,3,140.0,4,Position 4,-0.5445942021651806,0.8757437983874424,0.3311495962222618,1.0,0.3311495962222618
383,Tom Lineham,64,2,96.0,5,Position 5,0.30353744322017506,0.023211846949319565,0.3267492901694946,1.0,0.3267492901694946
733,Danny McGuire,22,1,20.0,6,Position 6,0.009169737229880657,0.4312497860965801,0.4404195233264608,0.7416198487095663,0.32662386025810913
339,Jake Burns,28,1,20.0,17,Position 17,-0.33727477889733826,0.7251757873119545,0.3879010084146163,0.8366600265340756,0.3245412679927675
446,Nathan Mason,31,4,8.0,16,Position 16,0.2040055628906492,0.15291727926740248,0.3569228421580517,0.8803408430829505,0.3142137557809821
203,George Williams,134,2,213.0,6,Position 6,0.2986934060929088,0.009047190339326184,0.30774059643223495,1.0,0.30774059643223495
50,Edwin Ipape,87,1,88.0,9,Position 9,-0.3092937449524149,0.6145054735068611,0.3052117285544462,1.0,0.3052117285544462
588,Mark Ioane,30,2,12.0,16,Position 16,0.17009207134779514,0.17912631679188007,0.3492183881396752,0.8660254037844386,0.302431995597613
850,Tristan Powell,36,1,4.0,13,Position 13,0.3481575392220681,-0.032086495230797034,0.31607104399127106,0.9486832980505138,0.29985132043190804
87,George Delaney,88,1,12.0,16,Position 16,0.19349258155764953,0.10512530187110541,0.29861788342875495,1.0,0.29861788342875495
801,Cooper Jenkins,49,1,28.0,10,Position 10,-0.26872129008526,0.55982727756204,0.29110598747677996,1.0,0.29110598747677996
800,Keenan Palasia,42,1,8.0,10,Position 10,-0.26872129008526,0.55982727756204,0.29110598747677996,1.0,0.29110598747677996
408,Joe Lovodua,46,1,24.0,18,Position 18,0.34876017795365316,-0.06073975352214659,0.28802042443150655,1.0,0.28802042443150655
326,Cai Taylor-Wray,18,1,20.0,1,Position 1,0.7624310833179087,-0.34473219074913297,0.4176988925687757,0.6708203932499369,0.28020093537304924
600,Michael Shenton,42,1,48.0,4,Position 4,0.29010855462255736,-0.01041584847786671,0.27969270614469066,1.0,0.27969270614469066
527,Ellis Robson,16,3,4.0,18,Position 18,-0.3445283339326659,0.7359916644809938,0.39146333054832794,0.6324555320336759,0.24758314899361747
438,Riley Dean,27,3,50.0,6,Position 6,0.6068071531927549,-0.3160424945442055,0.2907646586485494,0.8215838362577492,0.23888754370065016
289,Ugo Tison,42,2,17.0,17,Position 17,-0.36683186665638035,0.5840802853379505,0.2172484186815702,1.0,0.2172484186815702
517,Mitch Garbutt,34,2,24.0,16,Position 16,-0.5914174321875961,0.8117229727193663,0.2203055405317702,0.9219544457292888,0.20311167251205955
789,Jared Waerea-Hargreaves,20,1,4.0,10,Position 10,-0.06857950711052078,0.3535863180288962,0.2850068109183754,0.7071067811865476,0.2015302486847354
494,Lucas Albert,36,2,12.0,7,Position 7,-0.26909732608256465,0.4804745452521962,0.21137721916963154,0.9486832980505138,0.20053003741459233
613,Joe Arundel,31,1,24.0,4,Position 4,-0.023518080924995546,0.25051005727297715,0.2269919763479816,0.8803408430829505,0.19983030783124728
155,Cain Robb,70,2,0.0,15,Position 15,0.5806816338813494,-0.3808815237647715,0.1998001101165779,1.0,0.1998001101165779
792,Daejarn Asi,50,1,48.0,7,Position 7,0.06408915962726855,0.13252433727899077,0.19661349690625932,1.0,0.19661349690625932
267,Sylvester Namo,20,1,8.0,16,Position 16,-0.04510989614750076,0.31665868805130015,0.2715487919037994,0.7071067811865476,0.1920139921781912
797,Luke Keary,24,1,18.0,7,Position 7,0.15388730349882118,0.08750344175851561,0.24139074525733678,0.7745966692414834,0.18698046726205247
793,Zac Cini,34,1,24.0,3,Position 3,0.06408915962726855,0.13252433727899077,0.19661349690625932,0.9219544457292888,0.18126868756310754
114,Andy Ackers,133,4,60.0,9,Position 9,0.1388583675603037,0.04032591817471085,0.17918428573501455,1.0,0.17918428573501455
406,Josh Griffin,113,3,152.0,4,Position 4,-0.06456170430186067,0.23575981131531293,0.17119810701345226,1.0,0.17119810701345226
51,Kai O'Donnell,49,1,56.0,12,Position 12,-0.4916861170257035,0.6429533545078759,0.15126723748217247,1.0,0.15126723748217247
607,Jesse Sene-Lefao,49,1,28.0,12,Position 12,0.9082712472621108,-0.7605971402961353,0.1476741069659755,1.0,0.1476741069659755
654,Danny Kirmond,19,1,4.0,11,Position 11,-0.13561228863858338,0.34310419887386173,0.20749191023527835,0.689202437604511,0.14300393031737024
263,Umyla Hanley,76,2,124.0,3,Position 3,0.35840365261464185,-0.21570969983307847,0.14269395278156338,1.0,0.14269395278156338
790,Jeremiah Simbiken,13,1,4.0,11,Position 11,-0.03300556768723549,0.27201910697089127,0.23901353928365576,0.570087712549569,0.13625868187859588
788,Isaac Liu,51,1,12.0,13,Position 13,-0.20819288699395955,0.3321010799185051,0.12390819292454558,1.0,0.12390819292454558
6,Lewis Martin,70,1,172.0,5,Position 5,-0.4919236786347109,0.5984650583863383,0.10654137975162742,1.0,0.10654137975162742
337,Aaron Pene,30,1,4.0,16,Position 16,-0.8173299403809926,0.9356869852082381,0.11835704482724552,0.8660254037844386,0.1025002075372482
164,Abbas Miski,71,1,228.0,2,Position 2,0.07601908886232824,0.02647895820220028,0.10249804706452852,1.0,0.10249804706452852
791,Daniel Okoro,12,1,0.0,16,Position 16,-0.5201326526276571,0.7062463980284808,0.1861137454008237,0.5477225575051661,0.1019386966178045
581,Lee Mossop,44,1,24.0,8,Position 8,-0.7407125045483148,0.8410058493337181,0.1002933447854033,1.0,0.1002933447854033
760,Greg Bird,15,1,8.0,6,Position 6,-0.18292725409964042,0.33861304770892897,0.15568579360928855,0.6123724356957945,0.09533768863575279
445,Will Hopoate,27,1,20.0,4,Position 4,-0.21953642732001166,0.32498860849454464,0.10545218117453298,0.8215838362577492,0.08663780755112001
593,Chris Green,38,2,4.0,16,Position 16,-0.05087858524275104,0.13714504765678015,0.0862664624140291,0.9746794344808963,0.08408214680037339
272,Jack Farrimond,35,1,98.0,6,Position 6,-0.3462199046978691,0.43121600531443177,0.08499610061656265,0.9354143466934853,0.0795065719297357
218,Matty Storton,135,2,52.0,18,Position 18,-0.861317770182453,0.9261829297964517,0.06486515961399864,1.0,0.06486515961399864
330,Sam Walters,91,2,72.0,18,Position 18,-0.1284603538911643,0.19243707241522784,0.06397671852406353,1.0,0.06397671852406353
409,Scott Taylor,83,1,34.0,8,Position 8,0.04165692839890783,0.013445943011100431,0.05510287141000826,1.0,0.05510287141000826
151,Liam Horne,74,2,36.0,9,Position 9,-0.08444162565895119,0.13934154394175238,0.05489991828280119,1.0,0.05489991828280119
463,Romain Franco,12,2,12.0,5,Position 5,-0.14342827121744056,0.2324616112595785,0.08903334004213795,0.5477225575051661,0.048765568711106905
84,Curtis Sironen,92,1,68.0,12,Position 12,-0.3043962967658968,0.34533151351115504,0.04093521674525824,1.0,0.04093521674525824
199,Matt Dufty,80,1,172.0,1,Position 1,0.10151853240154989,-0.06123731557765483,0.04028121682389506,1.0,0.04028121682389506
572,Benjamin Laguerre,23,1,32.0,5,Position 5,0.15390188721834006,-0.11007557084235015,0.04382631637598991,0.758287544405155,0.03323294982507282
676,Junior Moors,18,1,12.0,16,Position 16,0.2773989911767302,-0.24033275272115362,0.037066238455576606,0.6708203932499369,0.024864788657065835
521,Maxime Stefani,24,1,12.0,12,Position 12,0.24859916502762733,-0.24239695865676383,0.0062022063708634945,0.7745966692414834,0.004804208396819171
912,Jacob Host,12,1,4.0,18,Position 18,0.0,-0.0,0.0,0.5477225575051661,0.0
913,Adam Cook,23,1,147.0,6,Position 6,0.0,-0.0,0.0,0.758287544405155,0.0
903,Ben Condon,21,1,12.0,18,Position 18,0.0,-0.0,0.0,0.724568837309472,0.0
863,Noah Hodkinson,16,1,62.0,5,Position 5,0.0,-0.0,0.0,0.6324555320336759,0.0
866,Taylor Kerr,21,2,8.0,18,Position 18,0.0,-0.0,0.0,0.724568837309472,0.0
889,Toa Mata'afa,19,1,4.0,1,Position 1,0.0,-0.0,0.0,0.689202437604511,0.0
890,Nikau Williams,16,1,26.0,4,Position 4,0.0,-0.0,0.0,0.6324555320336759,0.0
958,Lachlan Webster,13,1,4.0,1,Position 1,0.0,-0.0,0.0,0.570087712549569,0.0
955,Tom Humphreys,15,1,0.0,15,Position 15,0.0,-0.0,0.0,0.6123724356957945,0.0
893,Xavier Va'a,23,1,4.0,16,Position 16,0.0,-0.0,0.0,0.758287544405155,0.0
944,George Hirst,15,1,4.0,11,Position 11,0.0,-0.0,0.0,0.6123724356957945,0.0
951,Jack Bird,13,1,12.0,3,Position 3,0.0,-0.0,0.0,0.570087712549569,0.0
945,Jake Arthur,19,1,20.0,6,Position 6,0.0,-0.0,0.0,0.689202437604511,0.0
947,James Roumanos,19,1,4.0,10,Position 10,0.0,-0.0,0.0,0.689202437604511,0.0
941,Luke Polselli,20,1,24.0,4,Position 4,0.0,-0.0,0.0,0.7071067811865476,0.0
943,Tray Lolesio,19,2,4.0,16,Position 16,0.0,-0.0,0.0,0.689202437604511,0.0
938,Maika Sivo,19,1,116.0,5,Position 5,0.0,-0.0,0.0,0.689202437604511,0.0
857,Joe Stimson,33,1,6.0,13,Position 13,0.0,-0.0,0.0,0.9082951062292475,0.0
861,Jake Davies,23,2,36.0,18,Position 18,0.0,-0.0,0.0,0.758287544405155,0.0
854,Presley Cassell,26,2,8.0,16,Position 16,0.0,-0.0,0.0,0.806225774829855,0.0
891,Scott Galeano,20,1,40.0,2,Position 2,0.0,-0.0,0.0,0.7071067811865476,0.0
896,Jack Martin,23,1,0.0,8,Position 8,0.0,-0.0,0.0,0.758287544405155,0.0
895,Jesse Dee,13,1,8.0,11,Position 11,0.0,-0.0,0.0,0.570087712549569,0.0
906,Asher O'Donnell,16,1,8.0,11,Position 11,0.0,-0.0,0.0,0.6324555320336759,0.0
907,Albert Hopoate,22,1,48.0,2,Position 2,0.0,-0.0,0.0,0.7416198487095663,0.0
894,Oliver Field,21,1,16.0,12,Position 12,0.0,-0.0,0.0,0.724568837309472,0.0
902,Zac Lipowicz,23,1,24.0,12,Position 12,0.0,-0.0,0.0,0.758287544405155,0.0
901,Josh Allen,21,1,4.0,8,Position 8,0.0,-0.0,0.0,0.724568837309472,0.0
900,Toby Sexton,23,1,100.0,6,Position 6,0.0,-0.0,0.0,0.758287544405155,0.0
899,Solomona Faataape,20,1,32.0,4,Position 4,0.0,-0.0,0.0,0.7071067811865476,0.0
898,Charlie Staines,22,1,40.0,1,Position 1,0.0,-0.0,0.0,0.7416198487095663,0.0
897,Karl Lawton,19,1,8.0,9,Position 9,0.0,-0.0,0.0,0.689202437604511,0.0
905,Chris Patolo,19,1,8.0,8,Position 8,0.0,-0.0,0.0,0.689202437604511,0.0
986,Tom Inman,12,1,8.0,9,Position 9,0.0,-0.0,0.0,0.5477225575051661,0.0
937,Alexis Lis,13,1,0.0,18,Position 18,0.0,-0.0,0.0,0.570087712549569,0.0
911,David Klemmer,17,1,4.0,10,Position 10,0.0,-0.0,0.0,0.6519202405202649,0.0
916,Ryan Sutton,18,1,8.0,10,Position 10,0.0,-0.0,0.0,0.6708203932499369,0.0
915,Caleb Aekins,23,1,20.0,1,Position 1,0.0,-0.0,0.0,0.758287544405155,0.0
920,Eliot Peposhi,19,1,4.0,18,Position 18,0.0,-0.0,0.0,0.689202437604511,0.0
921,Tyson Smoothy,22,1,24.0,9,Position 9,0.0,-0.0,0.0,0.7416198487095663,0.0
923,Jazz Tevaga,18,1,16.0,13,Position 13,0.0,-0.0,0.0,0.6708203932499369,0.0
971,Cole Geyer,12,1,8.0,17,Position 17,0.0,-0.0,0.0,0.5477225575051661,0.0
919,Ebon Scurr,12,1,0.0,16,Position 16,0.0,-0.0,0.0,0.5477225575051661,0.0
917,Zac Fulton,18,1,8.0,12,Position 12,0.0,-0.0,0.0,0.6708203932499369,0.0
908,Josh Smith,19,1,36.0,3,Position 3,0.0,-0.0,0.0,0.689202437604511,0.0
909,Toafofoa Sipley,16,1,12.0,16,Position 16,0.0,-0.0,0.0,0.6324555320336759,0.0
930,Henry O'Kane,13,1,20.0,12,Position 12,0.0,-0.0,0.0,0.570087712549569,0.0
929,Brendan Hands,20,1,12.0,9,Position 9,0.0,-0.0,0.0,0.7071067811865476,0.0
914,Jacob Alick-Wiencke,19,1,24.0,11,Position 11,0.0,-0.0,0.0,0.689202437604511,0.0
967,Cody Hunter,16,1,62.0,6,Position 6,0.0,-0.0,0.0,0.6324555320336759,0.0
936,Tom Weaver,22,1,136.0,6,Position 6,0.0,-0.0,0.0,0.7416198487095663,0.0
935,Krystian Mapapalangi,20,1,32.0,4,Position 4,0.0,-0.0,0.0,0.7071067811865476,0.0
927,Paul Ulberg,18,1,28.0,2,Position 2,0.0,-0.0,0.0,0.6708203932499369,0.0
928,Thomas Lacans,17,1,16.0,7,Position 7,0.0,-0.0,0.0,0.6519202405202649,0.0
167,Liam Marshall,165,1,498.0,5,Position 5,-1.242034690288031,1.239499000454685,-0.0025356898333459554,1.0,-0.0025356898333459554
537,Will Maher,51,2,0.0,16,Position 16,-0.08316564446667817,0.07888602347435168,-0.004279620992326483,1.0,-0.004279620992326483
464,Isaac Shaw,13,3,0.0,16,Position 16,0.17343805674199306,-0.18148140711374958,-0.008043350371756519,0.570087712549569,-0.004585415214669399
831,Ky Rodwell,29,1,4.0,10,Position 10,-0.2964741054213359,0.2874974414257845,-0.008976663995551415,0.85146931829632,-0.0076433539728672836
503,Tony Gigot,53,4,92.0,6,Position 6,0.1644282831095377,-0.18393925276001466,-0.019510969650476967,1.0,-0.019510969650476967
78,Jonathan Bennison,101,2,214.0,5,Position 5,-0.8650288046762689,0.8408075920461694,-0.024221212630099465,1.0,-0.024221212630099465
198,Jayden Nikorima,44,3,48.0,6,Position 6,-0.5061520951013263,0.47161677935000074,-0.03453531575132557,1.0,-0.03453531575132557
458,Jack Croft,44,2,16.0,3,Position 3,0.2563275757748781,-0.2969900538744692,-0.040662478099591115,1.0,-0.040662478099591115
578,Joel Thompson,15,1,4.0,12,Position 12,-0.42498149249523476,0.34171389267183533,-0.08326759982339943,0.6123724356957945,-0.050990782918397815
636,Ata Hingano,24,2,5.0,15,Position 15,0.014808410623186087,-0.08219158667131661,-0.06738317604813052,0.7745966692414834,-0.0521947837297944
767,Shaun Lunt,13,2,0.0,17,Position 17,1.1104332564039168,-1.2023359935332156,-0.09190273712929886,0.570087712549569,-0.05239262118708633
388,Mason Lino,100,1,402.0,7,Position 7,-0.5652326406875562,0.5062813602674018,-0.058951280420154406,1.0,-0.058951280420154406
595,Josh Wood,16,2,4.0,17,Position 17,-0.012919310326221681,-0.08052662018664879,-0.09344593051287046,0.6324555320336759,-0.0591003956988994
499,Joe Bretherton,23,1,8.0,12,Position 12,0.07107140525577126,-0.15183147247441497,-0.08076006721864372,0.758287544405155,-0.0612393530572206
626,Jack Logan,13,2,20.0,3,Position 3,-0.020987375900565302,-0.09085895186263106,-0.11184632776319636,0.570087712549569,-0.06376221715158997
395,Tanguy Zenon,19,3,32.0,14,Position 14,-0.38581022132729204,0.2823045356261342,-0.10350568570115781,0.689202437604511,-0.07133637089116435
324,Lucas Green,13,1,0.0,16,Position 16,-0.3108536013017937,0.18394986875914018,-0.1269037325426535,0.570087712549569,-0.07234625859924364
481,Dean Whare,36,1,24.0,3,Position 3,-0.11470344118956795,0.036856128511448726,-0.07784731267811923,0.9486832980505138,-0.07385244533584773
371,Callum Kemp,14,1,0.0,15,Position 15,-0.3040428137798925,0.1596620284435104,-0.1443807853363821,0.5916079783099616,-0.08541682451966157
817,Zac Woolford,43,1,8.0,9,Position 9,-0.48316233231079464,0.39635034913771844,-0.0868119831730762,1.0,-0.0868119831730762
219,Corey Johnson,35,1,4.0,17,Position 17,-0.6215012877069173,0.5203417860838205,-0.10115950162309673,0.9354143466934853,-0.0946260491226076
136,Oliver Partington,168,3,48.0,13,Position 13,-0.45678226506580516,0.35740750987523473,-0.09937475519057043,1.0,-0.09937475519057043
275,David Nofoaluma,21,2,48.0,5,Position 5,0.028844847549325866,-0.16851421829224644,-0.13966937074292057,0.724568837309472,-0.10120007356694354
332,Andre Savelio,66,2,60.0,11,Position 11,0.2354703588987417,-0.3367320778238814,-0.10126171892513972,1.0,-0.10126171892513972
387,Lewis Murphy,43,2,120.0,5,Position 5,1.0781436889151856,-1.181264432328214,-0.10312074341302835,1.0,-0.10312074341302835
188,Chris Satae,135,2,68.0,16,Position 16,-1.3382807456622616,1.2295062447621878,-0.10877450090007379,1.0,-0.10877450090007379
109,Luis Roberts,30,2,20.0,2,Position 2,-0.6134620962143537,0.4865593702242175,-0.12690272599013613,0.8660254037844386,-0.10990098451695361
9,Ligi Sao,100,1,20.0,8,Position 8,-0.27363912707061316,0.14979387263177196,-0.1238452544388412,1.0,-0.1238452544388412
187,Romain Navarrete,145,4,20.0,8,Position 8,-0.01346969799806793,-0.11804123999812455,-0.13151093799619248,1.0,-0.13151093799619248
744,Tyler Randell,15,1,12.0,9,Position 9,0.20506464356018603,-0.44504639713275823,-0.2399817535725722,0.6123724356957945,-0.14695821095778397
582,Pauli Pauli,46,2,24.0,18,Position 18,0.8788504003093761,-1.0261619097471923,-0.14731150943781623,1.0,-0.14731150943781623
31,Corey Hall,97,4,76.0,4,Position 4,-1.0269614578930173,0.8782780465492844,-0.14868341134373286,1.0,-0.14868341134373286
152,Joe Westerman,156,3,84.0,13,Position 13,0.5357375399916812,-0.6869315554962505,-0.15119401550456935,1.0,-0.15119401550456935
258,Matty Russell,61,7,100.0,5,Position 5,-0.22625556378480552,0.07505752786818723,-0.1511980359166183,1.0,-0.1511980359166183
227,Stefan Ratchford,137,1,922.0,1,Position 1,-0.20516890305020033,0.04136214879601934,-0.16380675425418098,1.0,-0.16380675425418098
753,Ryan Shaw,20,1,142.0,5,Position 5,0.03139440878792003,-0.2665243823108739,-0.23512997352295384,0.7071067811865476,-0.16626199873829403
751,Chris Clarkson,19,1,16.0,18,Position 18,-0.25161305483478136,0.007625367228162599,-0.24398768760661876,0.689202437604511,-0.1681569090439696
296,Harvey Makin,15,3,0.0,16,Position 16,0.24840201277925933,-0.5241717348497091,-0.2757697220704498,0.6123724356957945,-0.16887377639543363
592,Bill Tupou,38,1,32.0,4,Position 4,0.24877832880942513,-0.4247703385071569,-0.17599200969773177,0.9746794344808963,-0.17153579248534162
429,Greg Eden,73,2,196.0,5,Position 5,-0.02064052841743332,-0.15196048241210305,-0.17260101082953638,1.0,-0.17260101082953638
513,Joe Chan,26,1,36.0,18,Position 18,-0.27064706033988656,0.053441474982746276,-0.2172055853571403,0.806225774829855,-0.17511674135193264
352,Jed Cartwright,24,2,32.0,11,Position 11,-0.36851288226521167,0.13361064468054792,-0.23490223758466375,0.7745966692414834,-0.18195449083045215
656,Ryan Atkins,15,2,24.0,3,Position 3,-0.012507864435335204,-0.2912574097640306,-0.3037652741993658,0.6123724356957945,-0.18601748084126649
323,Sam Royle,33,2,12.0,18,Position 18,-0.28877785550042184,0.07765761904270385,-0.211120236457718,0.9082951062292475,-0.1917594776005068
534,Jack Cogger,23,1,5.0,6,Position 6,-0.1641951899718388,-0.09365956890935828,-0.2578547588811971,0.758287544405155,-0.19552805192520625
649,Matthew Lees,30,1,4.0,16,Position 16,1.0549561760321502,-1.2854789468240735,-0.2305227707919233,0.8660254037844386,-0.19963857565658297
197,Tariq Sims,37,1,20.0,12,Position 12,-0.3354973441854357,0.1273157329933145,-0.2081816111921212,0.9617692030835673,-0.20022266229289945
20,Tom Opacic,42,1,56.0,3,Position 3,-0.8872167515114115,0.6852650649314166,-0.20195168657999496,1.0,-0.20195168657999496
115,Sam Lisone,83,2,52.0,16,Position 16,-0.37147538764922544,0.16481738400550588,-0.20665800364371956,1.0,-0.20665800364371956
222,Jarred Bassett,25,1,12.0,4,Position 4,-0.2702739725128478,0.008529856534096868,-0.2617441159787509,0.7905694150420949,-0.20692689266003134
658,Remi Casty,41,1,4.0,13,Position 13,0.4083708753524962,-0.6178078231641078,-0.20943694781161154,1.0,-0.20943694781161154
699,Connor Bailey,15,2,4.0,11,Position 11,-0.46799173474062083,0.12082480341971408,-0.34716693132090676,0.6123724356957945,-0.21259545932601828
784,Alec Tuitavake,26,1,12.0,16,Position 16,-0.33909227262385716,0.07035462046778063,-0.26873765215607653,0.806225774829855,-0.21666322183548886
154,Innes Senior,141,4,256.0,5,Position 5,0.101778442678275,-0.32206553936542576,-0.22028709668715074,1.0,-0.22028709668715074
248,Luis Johnson,59,3,12.0,18,Position 18,-0.347739164375622,0.11434290726659511,-0.2333962571090269,1.0,-0.2333962571090269
196,Bayley Sironen,41,1,20.0,11,Position 11,-0.6559156735361074,0.4219175134029218,-0.23399816013318558,1.0,-0.23399816013318558
398,Ken Sio,101,1,338.0,2,Position 2,-0.2987701137393005,0.06342664252299388,-0.23534347121630664,1.0,-0.23534347121630664
27,Jai Whitbread,118,3,84.0,10,Position 10,-0.05567440550308119,-0.1815246122079725,-0.2371990177110537,1.0,-0.2371990177110537
133,Amir Bourouh,89,3,16.0,9,Position 9,-0.4173075959329091,0.17988672081132293,-0.2374208751215862,1.0,-0.2374208751215862
798,Nick Cotric,41,1,24.0,2,Position 2,-0.5833099615850471,0.34471406578021524,-0.23859589580483187,1.0,-0.23859589580483187
373,Peter Mata'utia,106,2,197.0,3,Position 3,-0.2452147826758269,0.005021652157769204,-0.24019313051805768,1.0,-0.24019313051805768
700,Brett Ferres,25,1,8.0,12,Position 12,-0.38087045929893437,0.06431471128399652,-0.31655574801493785,0.7905694150420949,-0.2502592925363822
294,Joe Greenwood,135,2,72.0,16,Position 16,0.2500236451216152,-0.5112355981451195,-0.26121195302350436,1.0,-0.26121195302350436
211,Gil Dudson,106,3,28.0,10,Position 10,-0.9262015828479447,0.6630737254905295,-0.2631278573574153,1.0,-0.2631278573574153
655,Craig Kopczak,40,1,12.0,16,Position 16,-0.18013680219274997,-0.09238727641827418,-0.2725240786110241,1.0,-0.2725240786110241
740,Matthew Fleming,13,1,24.0,3,Position 3,0.24080968120232324,-0.7214201705476646,-0.48061048934534134,0.570087712549569,-0.2739901344982147
229,Harvey Barron,57,1,132.0,2,Position 2,0.10407222375838035,-0.3839505069651457,-0.27987828320676533,1.0,-0.27987828320676533
73,Jack Welsby,163,1,311.0,1,Position 1,-0.6569623778873821,0.37676006472118084,-0.28020231316620126,1.0,-0.28020231316620126
610,Ben Flower,30,2,16.0,16,Position 16,-0.13171148493546814,-0.1952444657103019,-0.32695595064577004,0.8660254037844386,-0.28315215917772796
522,Paul Marcon,16,1,20.0,2,Position 2,-0.25196798045363217,-0.20963240092965907,-0.46160038138329124,0.6324555320336759,-0.29194171479471714
216,Arron Lindop,24,1,52.0,4,Position 4,0.07750352898452322,-0.46326600024328257,-0.38576247125875934,0.7745966692414834,-0.2988103253553985
349,Jenson Windley,18,1,8.0,15,Position 15,-0.4264071230606524,-0.026403315017552154,-0.4528104380782046,0.6708203932499369,-0.3037544761392974
120,Mickael Goudemand,107,2,40.0,16,Position 16,0.3456691595634716,-0.6518952011758746,-0.306226041612403,1.0,-0.306226041612403
295,Thomas Deakin,14,1,0.0,17,Position 17,-0.00428243133739617,-0.5155617591931793,-0.5198441905305754,0.5916079783099616,-0.3075439705959722
160,Joshua Simm,26,1,44.0,2,Position 2,-0.5174430448951706,0.13505648597921013,-0.3823865589159604,0.806225774829855,-0.3082898997465422
468,Jordan Johnstone,60,2,4.0,17,Position 17,0.5651627044915409,-0.8734790424157723,-0.3083163379242314,1.0,-0.3083163379242314
677,Jake Shorrocks,29,2,122.0,6,Position 6,0.08319737938781913,-0.44695881424741857,-0.36376143485959944,0.85146931829632,-0.30973170096239433
356,Will Tate,43,3,68.0,14,Position 14,-0.050157898911490084,-0.26334326760346416,-0.31350116651495424,1.0,-0.31350116651495424
680,Israel Folau,13,1,20.0,3,Position 3,-0.04462378300415912,-0.5074748924895615,-0.5520986754937206,0.570087712549569,-0.314744671013862
131,Cade Cust,94,3,64.0,6,Position 6,1.2801615922087668,-1.596592935592873,-0.31643134338410617,1.0,-0.31643134338410617
402,Shaun Kenny-Dowall,82,1,88.0,4,Position 4,-0.005446683515821439,-0.3152342515203274,-0.32068093503614886,1.0,-0.32068093503614886
89,Jake Wingfield,64,1,0.0,18,Position 18,-0.30494617891582815,-0.01592107340802674,-0.3208672523238549,1.0,-0.3208672523238549
307,David Fusitu'a,43,1,72.0,2,Position 2,0.5886923347749655,-0.920629142152262,-0.33193680737729647,1.0,-0.33193680737729647
787,David Armstrong,25,1,60.0,1,Position 1,-0.6347893513725279,0.21085913007141543,-0.42393022130111246,0.7905694150420949,-0.3351462670726863
207,Adam Holroyd,56,1,28.0,18,Position 18,0.0010641554959272162,-0.3428369071067832,-0.341772751610856,1.0,-0.341772751610856
516,Anthony Marion,43,1,12.0,13,Position 13,-0.05226414760799135,-0.31140705090099174,-0.3636711985089831,1.0,-0.3636711985089831
651,Daniel Murray,33,2,8.0,16,Position 16,0.10550067628883913,-0.509666308591997,-0.4041656323031579,0.9082951062292475,-0.36710166592700777
482,Korbin Sims,29,1,4.0,16,Position 16,0.2960381206244609,-0.7278423670448325,-0.43180424642037163,0.85146931829632,-0.36766806733701
591,Josh Eaves,12,3,4.0,17,Position 17,-0.5449593001824459,-0.13463785077458926,-0.6795971509570351,0.5477225575051661,-0.37223068959541167
88,James Bell,111,3,44.0,18,Position 18,0.313459523570199,-0.6949188313554457,-0.3814593077852467,1.0,-0.3814593077852467
393,Kevin Proctor,20,1,4.0,8,Position 8,-0.7562587616669242,0.20014218683038026,-0.556116574836544,0.7071067811865476,-0.3932338011971564
646,Ben Murdoch-Masila,36,1,28.0,18,Position 18,-0.5361389206959073,0.12002620258914887,-0.41611271810675843,0.9486832980505138,-0.3947591857742833
528,Oliver Roberts,36,2,12.0,18,Position 18,-0.2791224723151524,-0.14293024942358615,-0.42205272173873853,0.9486832980505138,-0.40039436801030226
682,Masimbaashe Matongo,21,1,8.0,16,Position 16,-0.49005681952903113,-0.06405515636308833,-0.5541119758921195,0.724568837309472,-0.40149227011140715
241,Rowan Milnes,91,5,332.0,7,Position 7,-0.4860761681871453,0.08227133205548684,-0.4038048361316584,1.0,-0.4038048361316584
327,Jake Thewlis,23,3,52.0,5,Position 5,-0.4246489284998545,-0.1093667257222462,-0.5340156542221007,0.758287544405155,-0.4049374191139891
509,Connor Wynne,54,2,76.0,2,Position 2,0.3254815929534231,-0.7341872578820678,-0.40870566492864474,1.0,-0.40870566492864474
818,Thomas Burgess,34,1,8.0,16,Position 16,-0.0846403641140382,-0.3663902226623694,-0.4510305867764076,0.9219544457292888,-0.41582965463839877
785,Ethan O'Neill,35,3,36.0,11,Position 11,-0.5044246747732781,0.056610516503269044,-0.4478141582700091,0.9354143466934853,-0.4188917882982336
786,Tesi Niu,36,1,40.0,4,Position 4,-0.26068658511143084,-0.19820670182816552,-0.45889328693959636,0.9486832980505138,-0.43534439690709703
720,Brayden Wiliame,25,1,40.0,4,Position 4,-0.20643646979665656,-0.35628356100655173,-0.5627200308032083,0.7905694150420949,-0.44486924558456203
288,Rodrick Tai,33,1,40.0,3,Position 3,-0.33153674009239464,-0.16253603460768215,-0.4940727747000768,0.9082951062292475,-0.44876388338118534
400,Alex Gerrard,43,2,8.0,16,Position 16,0.5109308137757512,-0.9652656522938456,-0.4543348385180944,1.0,-0.4543348385180944
454,Josh Bowden,67,2,8.0,16,Position 16,0.17353388568343286,-0.6420020824627006,-0.46846819677926776,1.0,-0.46846819677926776
841,Joe Ofahengaue,35,1,32.0,8,Position 8,0.21854646703492667,-0.7219705548452807,-0.5034240878103541,0.9354143466934853,-0.4709101142088862
221,Jacob Jones,26,1,8.0,12,Position 12,-0.28278751534450647,-0.30746319738421407,-0.5902507127287205,0.806225774829855,-0.4758753382135869
119,Justin Sangare,97,4,28.0,16,Position 16,-0.4197136519936501,-0.05916815270196933,-0.4788818046956195,1.0,-0.4788818046956195
101,Dean Parata,12,1,0.0,13,Position 13,-0.8409017257772532,-0.039151550622589,-0.8800532763998422,0.5477225575051661,-0.4820250312905224
385,Samisoni Langi,95,2,112.0,4,Position 4,-0.00033873575420159696,-0.482296090110768,-0.48263482586496964,1.0,-0.48263482586496964
415,Suaia Matagi,89,2,24.0,16,Position 16,0.198508243111065,-0.6858696873979268,-0.4873614442868618,1.0,-0.4873614442868618
233,Denive Balmforth,64,3,60.0,17,Position 17,0.3147301554463631,-0.8062343921983101,-0.49150423675194693,1.0,-0.49150423675194693
100,Marcus Stock,27,1,8.0,13,Position 13,-0.2797601162060554,-0.32878950596867873,-0.6085496221747342,0.8215838362577492,-0.49997453313952195
61,Oliver Russell,127,3,436.0,7,Position 7,0.03035765904812646,-0.5389232706187465,-0.50856561157062,1.0,-0.50856561157062
99,Jordan Williams,15,2,4.0,16,Position 16,-0.5000920757132852,-0.34243705451227513,-0.8425291302255603,0.6123724356957945,-0.5159416156208856
480,Dylan Napa,18,1,0.0,8,Position 8,-0.6002374923898433,-0.1867606448498196,-0.7869981372396628,0.6708203932499369,-0.5279343999100784
384,Reece Lyne,91,1,64.0,3,Position 3,-0.4764342521464317,-0.06138070609472182,-0.5378149582411536,1.0,-0.5378149582411536
95,Robbie Storey,23,1,16.0,3,Position 3,-0.5061666068588153,-0.20325585506606686,-0.7094224619248821,0.758287544405155,-0.5379462165988784
736,Trent Merrin,27,1,16.0,13,Position 13,-0.16337014365876035,-0.4961747969337204,-0.6595449405924807,0.8215838362577492,-0.5418714624763596
111,Ash Handley,172,1,396.0,5,Position 5,-0.9920081921316135,0.44803734972403514,-0.5439708424075784,1.0,-0.5439708424075784
687,Albert Kelly,26,1,60.0,6,Position 6,0.8284668792240787,-1.506903997275672,-0.6784371180515932,0.806225774829855,-0.5469734911744796
418,Jordan Turner,75,2,94.0,4,Position 4,0.07333312775298768,-0.6296602827653692,-0.5563271550123815,1.0,-0.5563271550123815
590,Matty Gee,47,3,36.0,11,Position 11,0.3334368951788294,-0.8905734172703756,-0.5571365220915463,1.0,-0.5571365220915463
113,Mikolaj Oledzki,165,1,64.0,8,Position 8,-0.3232088090883568,-0.23634997310363207,-0.5595587821919888,1.0,-0.5595587821919888
147,Jason Qareqare,60,1,160.0,5,Position 5,-0.5497891171379361,-0.0143417715978429,-0.564130888735779,1.0,-0.564130888735779
804,Caleb Hamlin-Uele,35,1,28.0,16,Position 16,-0.8529442528344445,0.2455612287252585,-0.607383024109186,0.9354143466934853,-0.5681547946898077
266,Harvey Livett,76,4,86.0,12,Position 12,0.24589290509400044,-0.815029011406271,-0.5691361063122706,1.0,-0.5691361063122706
230,Liam Sutcliffe,117,3,265.0,4,Position 4,0.5451768229470703,-1.1178386546125705,-0.5726618316655002,1.0,-0.5726618316655002
728,Sika Manu,23,1,8.0,11,Position 11,0.41014095332297845,-1.1681549423685926,-0.7580139890456141,0.758287544405155,-0.5747925663781548
473,Phoenix Laulu-Togaga'e,29,3,16.0,1,Position 1,0.5051527847230315,-1.1932589128670459,-0.6881061281440144,0.85146931829632,-0.5859012558463041
690,Tom Holmes,17,1,0.0,7,Position 7,-0.04026177704762057,-0.8602975696415511,-0.9005593466891717,0.6519202405202649,-0.5870928658963774
279,Herman Ese'ese,56,1,40.0,8,Position 8,-0.5527784700667001,-0.039132564722597796,-0.591911034789298,1.0,-0.591911034789298
292,Lewis Baxter,14,2,0.0,18,Position 18,-0.5569701131110328,-0.456809370174847,-1.0137794832858797,0.5916079783099616,-0.5997600305588768
343,Harry Robertson,53,1,84.0,3,Position 3,-0.5005893786617348,-0.10454526865168416,-0.6051346473134189,1.0,-0.6051346473134189
750,Keegan Hirst,16,1,0.0,16,Position 16,-0.49540663966370263,-0.46615665712559146,-0.9615632967892941,0.6324555320336759,-0.6081460264549283
293,Jake Bibby,157,3,232.0,4,Position 4,-0.6530997890393611,0.044027836082244615,-0.6090719529571165,1.0,-0.6090719529571165
381,Zane Tetevano,46,1,12.0,13,Position 13,-1.1866506266785484,0.5718168188779694,-0.614833807800579,1.0,-0.614833807800579
264,Albert Vete,42,2,28.0,16,Position 16,-0.2149484144716225,-0.40222274400650765,-0.6171711584781301,1.0,-0.6171711584781301
484,Greg Richards,33,2,0.0,16,Position 16,-0.36419890286792794,-0.33294750073712476,-0.6971464036050528,0.9082951062292475,-0.6332146667197892
823,George Flanagan,37,1,228.0,1,Position 1,-0.3490710152123734,-0.32092916998252213,-0.6700001851948956,0.9617692030835673,-0.6443855441807372
452,Adam O'Brien,67,1,44.0,9,Position 9,-0.27455414619747137,-0.38950945979360224,-0.6640636059910736,1.0,-0.6640636059910736
157,Sam Hall,74,1,12.0,16,Position 16,-0.27838749264552093,-0.39318064048775564,-0.6715681331332766,1.0,-0.6715681331332766
523,Ryan Lannon,54,2,8.0,11,Position 11,-0.1672545733988613,-0.5079255181202017,-0.675180091519063,1.0,-0.675180091519063
431,Joey Lussick,94,2,104.0,17,Position 17,0.20393230589002542,-0.8905908456547234,-0.6866585397646979,1.0,-0.6866585397646979
105,Iliess Macani,16,1,20.0,5,Position 5,-0.18320010735687134,-0.9150033748091317,-1.0982034821660032,0.6324555320336759,-0.6945648675945351
681,Antoni Maria,23,2,0.0,16,Position 16,0.09903632381348058,-1.0244775167731788,-0.9254411929596982,0.758287544405155,-0.7017505297007868
319,Lewis Bienek,23,3,12.0,16,Position 16,0.1953529849798167,-1.1256761845729966,-0.9303231995931799,0.758287544405155,-0.7054524945226592
732,Tommy Lee,13,1,4.0,9,Position 9,-0.33711342780884845,-0.9049867427937328,-1.2421001706025812,0.570087712549569,-0.708106045016255
158,George Lawler,156,2,56.0,13,Position 13,0.5917777695031923,-1.300591764931535,-0.7088139954283428,1.0,-0.7088139954283428
102,Will Lovell,44,1,8.0,11,Position 11,-0.8647008085648347,0.15495869525382466,-0.70974211331101,1.0,-0.70974211331101
425,Jorge Taufua,13,1,4.0,5,Position 5,-1.4473833405465542,0.20109932462647775,-1.2462840159200763,0.570087712549569,-0.7104912038229669
135,Sam Stone,74,3,80.0,12,Position 12,-1.1040096767598329,0.39318065829387394,-0.7108290184659589,1.0,-0.7108290184659589
440,Luke Thomas,40,2,8.0,16,Position 16,-0.07652566749219039,-0.6397001135811433,-0.7162257810733337,1.0,-0.7162257810733337
143,Chris Hankinson,108,4,298.0,4,Position 4,0.27559870107889034,-1.0022427145890416,-0.7266440135101513,1.0,-0.7266440135101513
500,Joseph Paulo,43,2,8.0,18,Position 18,-0.6402382089195247,-0.09504364328739666,-0.7352818522069213,1.0,-0.7352818522069213
511,Josh Simm,27,4,36.0,2,Position 2,-0.31628685620119334,-0.5820113891385114,-0.8982982453397047,0.8215838362577492,-0.7380273185097994
510,Cheyse Blair,51,1,40.0,4,Position 4,-0.1343111204802831,-0.6046595291486645,-0.7389706496289477,1.0,-0.7389706496289477
195,Alrix Da Costa,118,1,36.0,9,Position 9,-0.5136932547530291,-0.24205262869796534,-0.7557458834509945,1.0,-0.7557458834509945
85,Ben Davies,65,3,50.0,14,Position 14,-0.5467366133246739,-0.21890047477582317,-0.7656370881004971,1.0,-0.7656370881004971
727,Mark Minichiello,24,1,8.0,12,Position 12,-0.3358831207136915,-0.6604972195139236,-0.996380340227615,0.7745966692414834,-0.7717928928380066
354,Reimis Smith,22,1,32.0,4,Position 4,-0.8632355208578405,-0.1780964836430709,-1.0413320045009113,0.7416198487095663,-0.7722724836343953
716,Matthew Cook,22,1,12.0,16,Position 16,0.022392591235332517,-1.0876017668947873,-1.0652091756594548,0.7416198487095663,-0.7899802676966068
459,Oliver Pratt,37,1,76.0,4,Position 4,-0.5452481779433109,-0.30217614985299146,-0.8474243277963024,0.9617692030835673,-0.8150266204182774
299,Ben Reynolds,46,5,242.0,6,Position 6,0.4796876327348459,-1.295933253312109,-0.8162456205772632,1.0,-0.8162456205772632
840,Toby Warren,15,1,0.0,3,Position 3,-0.17287639266019209,-1.175297853012209,-1.348174245672401,0.6123724356957945,-0.8255847465647487
26,Matt Parcell,126,2,140.0,9,Position 9,-0.08321965362952077,-0.7434415534405647,-0.8266612070700855,1.0,-0.8266612070700855
67,Fenton Rogers,49,2,8.0,16,Position 16,-0.3207497068981166,-0.5125951638543007,-0.8333448707524174,1.0,-0.8333448707524174
54,Matt Moylan,24,1,122.0,1,Position 1,-1.0686511585149705,-0.024095378147477472,-1.092746536662448,0.7745966692414834,-0.8464378276238987
472,James Greenwood,22,2,8.0,11,Position 11,-1.573802180549206,0.4316772254216248,-1.1421249551275812,0.7416198487095663,-0.8470225364291369
390,Matty Ashurst,93,1,76.0,12,Position 12,-0.8181571483863742,-0.04445819609589079,-0.862615344482265,1.0,-0.862615344482265
673,Tevita Satae,20,1,8.0,16,Position 16,-0.20511589308702025,-1.0308691830411325,-1.2359850761281528,0.7071067811865476,-0.873973428775588
4,Darnell McIntosh,143,4,286.0,2,Position 2,-0.25184019058004864,-0.6340522463392745,-0.8858924369193231,1.0,-0.8858924369193231
172,Mike Cooper,94,2,32.0,10,Position 10,-1.271108553404488,0.37934033154032637,-0.8917682218641616,1.0,-0.8917682218641616
414,Mahe Fonua,70,2,76.0,4,Position 4,-0.3731487693770595,-0.5349017217915476,-0.9080504911686071,1.0,-0.9080504911686071
739,Bryson Goodwin,24,1,32.0,4,Position 4,-1.2524429751059472,0.07768904016596034,-1.1747539349399867,0.7745966692414834,-0.90996048518284
10,Jordan Lane,155,2,68.0,11,Position 11,-0.8279153724335188,-0.08853324091189396,-0.9164486133454127,1.0,-0.9164486133454127
303,Logan Moy,45,1,24.0,1,Position 1,-0.3492182729469304,-0.6005587637661808,-0.9497770367131112,1.0,-0.9497770367131112
206,Paul Vaughan,91,2,56.0,10,Position 10,-0.6037997548685434,-0.36120723544584077,-0.9650069903143842,1.0,-0.9650069903143842
448,Mitieli Vulikijapani,22,1,28.0,3,Position 3,-1.1043141420057012,-0.20414992314768915,-1.3084640651533903,0.7416198487095663,-0.9703829220409614
693,Weller Hauraki,37,1,20.0,12,Position 12,-0.4101926528565312,-0.6007094200742689,-1.0109020729308,0.9617692030835673,-0.9722544810781818
589,Nathaniel Peteru,46,4,12.0,16,Position 16,0.8658615870052145,-1.8394023179499535,-0.9735407309447389,1.0,-0.9735407309447389
634,Callum McLelland,13,1,4.0,7,Position 7,-0.6074590218806064,-1.109821236773529,-1.7172802586541354,0.570087712549569,-0.9790003744626683
63,Sebastine Ikahihifo,99,2,12.0,16,Position 16,-0.2951451725254299,-0.6944810508367172,-0.9896262233621471,1.0,-0.9896262233621471
493,Junior Vaivai,18,2,16.0,4,Position 4,0.0901220459373406,-1.5756022428273722,-1.4854801968900315,0.6708203932499369,-0.9964904098427647
33,George King,159,3,20.0,10,Position 10,-0.6069658686926004,-0.39354585491236427,-1.0005117236049648,1.0,-1.0005117236049648
602,Jacques O'Neill,28,1,12.0,17,Position 17,-1.1455119703177925,-0.05985338569439139,-1.205365356012184,0.8366600265340756,-1.0084810107444093
432,Ellis Longstaff,34,3,32.0,18,Position 18,0.15445587901920718,-1.2488491787241998,-1.0943932997049926,0.9219544457292888,-1.0089807680393639
58,Esan Marsters,71,3,56.0,4,Position 4,-0.7716228069982094,-0.24063839247848445,-1.012261199476694,1.0,-1.012261199476694
412,Gareth Widdop,66,2,238.0,7,Position 7,-0.6655987641424018,-0.3521945564283155,-1.0177933205707173,1.0,-1.0177933205707173
358,George Whitby,24,1,64.0,15,Position 15,-0.46382609580287454,-0.8523783631665359,-1.3162044589694104,0.7745966692414834,-1.019527589958494
232,Matty Laidlaw,46,1,0.0,16,Position 16,0.16075950927174817,-1.1845259633750815,-1.0237664541033333,1.0,-1.0237664541033333
93,Rob Butler,92,5,12.0,16,Position 16,1.0909615812629785,-2.1217518649092373,-1.0307902836462588,1.0,-1.0307902836462588
486,Elijah Taylor,39,1,4.0,13,Position 13,-0.45465736567045795,-0.5974228212012112,-1.0520801868716692,0.9874208829065749,-1.0388459470093379
247,Alex Mellor,161,3,112.0,12,Position 12,-0.8048198625051222,-0.23421667316682798,-1.0390365356719502,1.0,-1.0390365356719502
754,Taulima Tautai,12,1,0.0,16,Position 16,-1.1395809052744048,-0.7637399734780919,-1.9033208787524967,0.5477225575051661,-1.0424917794632975
348,Fletcher Rooney,16,1,16.0,1,Position 1,-0.6753316607852697,-1.033335206379938,-1.7086668671652077,0.6324555320336759,-1.0806558125412855
397,Joe Wardle,39,2,32.0,12,Position 12,-0.9226025687332393,-0.18358861226246853,-1.106191180995708,0.9874208829065749,-1.0922762726022488
399,Rhys Williams,80,2,120.0,5,Position 5,-0.867886196775284,-0.2556604688576066,-1.1235466656328907,1.0,-1.1235466656328907
524,Kyle Amor,69,2,12.0,16,Position 16,-0.11054417589345739,-1.0252631621630695,-1.1358073380565268,1.0,-1.1358073380565268
548,Mathieu Jussaume,32,1,64.0,11,Position 11,-0.6048762825091792,-0.6739663136211721,-1.2788425961303513,0.8944271909999159,-1.14383159098791
334,Harvey Wilson,46,2,16.0,18,Position 18,-0.35454961541977176,-0.7985242816747673,-1.1530738970945391,1.0,-1.1530738970945391
146,Sam Wood,117,4,116.0,3,Position 3,-1.22521275766782,0.0688046795300364,-1.1564080781377837,1.0,-1.1564080781377837
250,Moses Mbye,58,1,25.0,15,Position 15,-1.2466913676062235,0.05219853372603152,-1.194492833880192,1.0,-1.194492833880192
731,Craig Hall,27,1,90.0,1,Position 1,-0.6540946626766279,-0.7998017108287896,-1.4538963735054176,0.8215838362577492,-1.1944977600658104
253,Tom Holroyd,93,1,48.0,16,Position 16,-0.650425772459257,-0.5478366169465146,-1.1982623894057718,1.0,-1.1982623894057718
41,Lachlan Lam,107,1,96.0,7,Position 7,-1.2244547098849583,0.02397847334759847,-1.2004762365373598,1.0,-1.2004762365373598
816,Jacob Gagai,47,1,84.0,4,Position 4,-0.738650436245692,-0.4690872103906449,-1.207737646636337,1.0,-1.207737646636337
1,Tex Hoy,55,2,100.0,1,Position 1,-0.09162883358244298,-1.1281189976497201,-1.219747831232163,1.0,-1.219747831232163
138,Jack Ormondroyd,115,2,24.0,8,Position 8,-0.7794336381900039,-0.45485528952590526,-1.2342889277159093,1.0,-1.2342889277159093
122,Cameron Smith,160,1,90.0,13,Position 13,-0.9342731227897585,-0.3060238119549782,-1.2402969347447366,1.0,-1.2402969347447366
314,Jack Sinfield,51,2,84.0,7,Position 7,-1.4014057304919785,0.15728277734422094,-1.2441229531477576,1.0,-1.2441229531477576
688,Kieran Buchanan,26,2,16.0,4,Position 4,-0.4021643082787705,-1.142544724084272,-1.5447090323630426,0.806225774829855,-1.2453842365035697
580,Kevin Brown,17,1,22.0,7,Position 7,-1.7146997953561762,-0.20688627014669903,-1.9215860655028751,0.6519202405202649,-1.2527208500030238
498,Maxime Puech,17,1,0.0,16,Position 16,-1.1516899834215242,-0.8154868682648962,-1.9671768516864203,0.6519202405202649,-1.2824424062973085
224,Fouad Yaha,103,2,252.0,5,Position 5,-0.005465386606937822,-1.301281788199458,-1.306747174806396,1.0,-1.306747174806396
98,Sadiq Adebiyi,37,2,16.0,12,Position 12,-0.455403524686371,-0.907068141434417,-1.362471666120788,0.9617692030835673,-1.3103832885489306
208,Ben Currie,184,1,136.0,12,Position 12,-1.2778538121418954,-0.03496305096842759,-1.312816863110323,1.0,-1.312816863110323
124,Matt Frawley,63,2,40.0,7,Position 7,-1.364584957512264,0.05130795019947665,-1.3132770073127873,1.0,-1.3132770073127873
38,Tom Briscoe,165,3,220.0,2,Position 2,-1.4788883810479077,0.16187983820115437,-1.3170085428467533,1.0,-1.3170085428467533
145,Luke Hooley,41,3,82.0,14,Position 14,-0.014936715162192261,-1.3152428485294334,-1.3301795636916256,1.0,-1.3301795636916256
618,Lewis Peachey,13,1,0.0,16,Position 16,-0.46428524401487853,-1.8868609154908609,-2.3511461595057392,0.570087712549569,-1.340359535942331
603,James Gavet,24,1,16.0,16,Position 16,-1.6269628160300402,-0.10358133282629096,-1.7305441488563311,0.7745966692414834,-1.3404737336794519
819,Dan Russell,32,3,4.0,11,Position 11,-0.4766299422325455,-1.0306859434072682,-1.5073158856398137,0.8944271909999159,-1.348184313542369
586,Lewis Tierney,33,2,48.0,2,Position 2,-0.8824181481632265,-0.605519368901285,-1.4879375170645115,0.9082951062292475,-1.3514863651245932
268,Alex Walker,48,2,36.0,1,Position 1,-0.14290010848337706,-1.223513634915078,-1.366413743398455,1.0,-1.366413743398455
657,David Mead,24,1,32.0,3,Position 3,-0.5712859841781013,-1.2066054559335715,-1.7778914401116728,0.7745966692414834,-1.377148787783446
192,Arthur Romano,99,2,80.0,4,Position 4,-1.6426909683634148,0.2600531115588492,-1.3826378568045656,1.0,-1.3826378568045656
542,Ben Crooks,69,1,170.0,3,Position 3,-0.24129504835458732,-1.1516647775031066,-1.3929598258576938,1.0,-1.3929598258576938
491,Rob Mulhern,78,2,8.0,16,Position 16,0.13302908325093274,-1.5278827644811006,-1.394853681230168,1.0,-1.394853681230168
237,Tuimoala Lolohea,177,3,315.0,6,Position 6,-0.8458605440730186,-0.5512296876987294,-1.397090231771748,1.0,-1.397090231771748
149,Jacob Miller,130,2,110.0,6,Position 6,-0.6684702741089682,-0.7403326969228683,-1.4088029710318364,1.0,-1.4088029710318364
675,Kyle Trout,15,1,0.0,16,Position 16,-1.4528102740971927,-0.8682640809670109,-2.3210743550642037,0.6123724356957945,-1.4213619562417117
407,Kane Evans,23,1,4.0,8,Position 8,-0.6328650939782016,-1.245683094789377,-1.8785481887675788,0.758287544405155,-1.424479693107319
103,Sam Davis,35,2,12.0,9,Position 9,-0.7898477439435064,-0.73809043525406,-1.5279381791975664,0.9354143466934853,-1.429255293682125
449,Iain Thornley,32,2,28.0,4,Position 4,-0.30094794651548035,-1.2970866252528015,-1.5980345717682818,0.8944271909999159,-1.4293255731474577
829,Taane Milne,41,1,20.0,3,Position 3,-0.32989344345935373,-1.1031781237409177,-1.4330715672002714,1.0,-1.4330715672002714
554,Lambert Belmas,36,2,4.0,16,Position 16,-1.0522976660490695,-0.4695952913199541,-1.5218929573690236,0.9486832980505138,-1.4437944300766954
540,James Clare,50,1,84.0,2,Position 2,0.10624475570251873,-1.5522728501367553,-1.4460280944342365,1.0,-1.4460280944342365
611,Craig Mullen,13,1,30.0,14,Position 14,-0.5083732554929482,-2.048774353546372,-2.5571476090393204,0.570087712549569,-1.457798431088826
220,Leon Ruan,39,4,8.0,18,Position 18,-0.6791774600894902,-0.8001360438641524,-1.4793135039536427,0.9874208829065749,-1.4607050461695248
320,Brad Fash,141,1,16.0,18,Position 18,-0.9198594172395329,-0.5477321906802549,-1.467591607919788,1.0,-1.467591607919788
340,Jack Billington,21,1,0.0,16,Position 16,-1.2575679826170663,-0.8146174202387718,-2.072185402855838,0.724568837309472,-1.5014409680369145
394,Renouf Atoni,58,2,20.0,16,Position 16,-1.1650489485345739,-0.3401079384711752,-1.505156887005749,1.0,-1.505156887005749
64,Sam Hewitt,107,2,56.0,11,Position 11,-0.5047791658383947,-1.0021431507418175,-1.5069223165802121,1.0,-1.5069223165802121
274,Matthew Foster,30,3,4.0,18,Position 18,-1.1744516519192503,-0.5785304332948443,-1.7529820852140947,0.8660254037844386,-1.5181270181744235
70,Leroy Cudjoe,130,1,84.0,3,Position 3,-1.1241047287459165,-0.4090914754961527,-1.5331962042420693,1.0,-1.5331962042420693
251,Ed Chamberlain,76,3,20.0,12,Position 12,-1.2988112308303568,-0.23666045351497142,-1.5354716843453282,1.0,-1.5354716843453282
341,Aidan McGowan,18,1,12.0,2,Position 2,-0.7493259061188393,-1.5507580714318194,-2.300083977550659,0.6708203932499369,-1.542943238328412
255,Andrew Dixon,33,3,0.0,18,Position 18,-2.040936055606723,0.33024273416915195,-1.7106933214375712,0.9082951062292475,-1.5538143721208029
270,Ryan Hampshire,80,4,250.0,1,Position 1,-0.9238497071893284,-0.6356387349190741,-1.5594884421084023,1.0,-1.5594884421084023
5,Cameron Scott,109,2,124.0,3,Position 3,-0.052745451173312134,-1.514741943751636,-1.5674873949249482,1.0,-1.5674873949249482
92,Rhys Kennedy,51,2,8.0,10,Position 10,-1.5467062225150707,-0.021672941943891903,-1.5683791644589626,1.0,-1.5683791644589626
518,Bodene Thompson,53,2,16.0,12,Position 12,-1.0659816897826668,-0.5140053384481682,-1.579987028230835,1.0,-1.579987028230835
421,Nathan Peats,60,3,12.0,9,Position 9,-1.1492573407381317,-0.4422450193401347,-1.5915023600782665,1.0,-1.5915023600782665
35,Dean Hadley,155,2,44.0,12,Position 12,-0.8997935632440243,-0.6981903042648622,-1.5979838675088864,1.0,-1.5979838675088864
14,Will Gardiner,55,2,4.0,18,Position 18,-0.8223171519942846,-0.7767531193921012,-1.5990702713863858,1.0,-1.5990702713863858
142,Joe Shorrocks,141,5,28.0,18,Position 18,-1.0477890698485235,-0.5540958814781181,-1.6018849513266415,1.0,-1.6018849513266415
316,Tee Ritson,25,1,12.0,5,Position 5,-1.4159056608069913,-0.6578441590260145,-2.0737498198330058,0.7905694150420949,-1.639443182009029
104,James Meadows,18,1,8.0,7,Position 7,-0.8061425727037915,-1.6620731514567533,-2.4682157241605447,0.6708203932499369,-1.6557294427070544
353,Keanan Brand,47,3,72.0,2,Position 2,-1.412434985639436,-0.2529905159507754,-1.6654255015902115,1.0,-1.6654255015902115
355,Kieran Rush,40,1,4.0,15,Position 15,-0.7781548549955567,-0.9172000088866152,-1.695354863882172,1.0,-1.695354863882172
585,Jordan Thompson,45,3,16.0,13,Position 13,-0.5817690837186128,-1.1144629366396441,-1.696232020358257,1.0,-1.696232020358257
306,Zach Jebson,15,1,4.0,18,Position 18,-0.9224685797433962,-1.8734998956286082,-2.795968475372004,0.6123724356957945,-1.712174025392211
144,Nathan Connell,27,1,8.0,2,Position 2,-0.08617817052983043,-2.0105546295308963,-2.096732800060727,0.8215838362577492,-1.7226417774813443
645,Sean O'Loughlin,27,1,4.0,13,Position 13,-2.2768768184851913,0.17449268424814268,-2.102384134237049,0.8215838362577492,-1.7272848222939015
139,Ben Hellewell,56,3,32.0,12,Position 12,-0.41491358364167275,-1.370567983549767,-1.78548156719144,1.0,-1.78548156719144
311,Ethan Havard,124,1,36.0,16,Position 16,-1.7461270700527047,-0.04481601654321453,-1.7909430865959193,1.0,-1.7909430865959193
501,James Cunningham,49,4,8.0,9,Position 9,-1.4298395448563257,-0.361881183785067,-1.7917207286413928,1.0,-1.7917207286413928
344,Jack Bibby,16,2,4.0,16,Position 16,-1.2923497805096023,-1.5462675983890508,-2.838617378898653,0.6324555320336759,-1.7952992646113861
441,Danny Addy,58,2,8.0,18,Position 18,-1.863125549425471,0.06018711883472799,-1.802938430590743,1.0,-1.802938430590743
8,Morgan Smith,54,3,24.0,7,Position 7,-1.2416350026563079,-0.5760826293628875,-1.8177176320191952,1.0,-1.8177176320191952
127,Ryan Brierley,116,3,287.0,1,Position 1,-0.3525565820899079,-1.5154703590099903,-1.8680269410998982,1.0,-1.8680269410998982
659,Mickael Simon,24,1,0.0,16,Position 16,-0.9800173535675589,-1.4601367676956956,-2.4401541212632543,0.7745966692414834,-1.8901352547663957
201,Connor Wrench,63,2,96.0,3,Position 3,-1.0380885446777393,-0.8640234650624822,-1.9021120097402213,1.0,-1.9021120097402213
277,Harry Rushton,68,2,12.0,11,Position 11,-1.0468766427764837,-0.8626367570223479,-1.9095133997988316,1.0,-1.9095133997988316
96,Oli Leyland,33,2,89.0,6,Position 6,-0.627306467279909,-1.4808263893682054,-2.1081328566481146,0.9082951062292475,-1.9148067569745661
497,Eloi Pelissier,32,2,17.0,17,Position 17,-0.5559539396792172,-1.5901533901239784,-2.1461073298031956,0.8944271909999159,-1.9195367505802023
361,Adam Sidlow,33,3,24.0,16,Position 16,-0.5836474469680771,-1.584100489618909,-2.167747936586986,0.9082951062292475,-1.9689548423405085
470,Alex Foster,30,1,20.0,18,Position 18,-1.128048490115402,-1.14846490974507,-2.2765133998604723,0.8660254037844386,-1.9715184363348506
616,Junior Sa'u,26,3,16.0,4,Position 4,-0.7266015203103009,-1.7501544053469527,-2.4767559256572538,0.806225774829855,-1.9968244652274543
278,Liam Tindall,30,2,8.0,2,Position 2,-1.0690689393582318,-1.2654792447956311,-2.3345481841538627,0.8660254037844386,-2.021778033836077
177,Harvie Hill,84,2,20.0,16,Position 16,-1.3208151095631435,-0.7814564761085694,-2.102271585671713,1.0,-2.102271585671713
273,Franck Maria,40,1,4.0,18,Position 18,-1.3457584893835814,-0.7584483696085239,-2.1042068589921055,1.0,-2.1042068589921055
48,Ben Nakubuwai,42,2,4.0,16,Position 16,-0.27425204911626466,-1.8491995717221326,-2.1234516208383973,1.0,-2.1234516208383973
532,Jack Wells,16,3,8.0,18,Position 18,-1.604288704739053,-1.7644638947502447,-3.368752599489298,0.6324555320336759,-2.1305862175998325
282,Cesar Rouge,72,3,66.0,15,Position 15,-0.9540453182183481,-1.1817149359170365,-2.1357602541353846,1.0,-2.1357602541353846
529,Tyla Hepi,22,1,0.0,16,Position 16,-0.7599513026037662,-2.2576417299057367,-3.017593032509503,0.7416198487095663,-2.237906888236739
389,Jay Pitts,152,2,76.0,11,Position 11,-1.0791982428850817,-1.1743670269277162,-2.253565269812798,1.0,-2.253565269812798
249,Brad Martin,43,1,8.0,18,Position 18,0.052891096163136454,-2.3166744113965954,-2.263783315233459,1.0,-2.263783315233459
260,Joe Bullock,123,4,20.0,16,Position 16,-0.8924060060463661,-1.4038033776443075,-2.2962093836906736,1.0,-2.2962093836906736
261,Jack Charles,25,1,62.0,7,Position 7,-0.6764601694919596,-2.4142236613809382,-3.090683830872898,0.7905694150420949,-2.4434001082532477
28,Kelepi Tanginoa,153,3,152.0,18,Position 18,-1.174958792513483,-1.2848118115134386,-2.4597706040269216,1.0,-2.4597706040269216
244,Tiaki Chan,78,5,20.0,16,Position 16,0.13260475473762562,-2.6880481196473966,-2.555443364909771,1.0,-2.555443364909771
322,Agnatius Paasi,99,1,36.0,16,Position 16,-1.997349141666481,-0.5835412822789537,-2.580890423945435,1.0,-2.580890423945435
56,Elliot Wallis,38,3,44.0,2,Position 2,-1.4739592597352678,-1.2524363039262048,-2.7263955636614723,0.9746794344808963,-2.6573616861607885
392,Liam Kay,68,2,60.0,2,Position 2,-1.1854556467080188,-1.5206435559077374,-2.706099202615756,1.0,-2.706099202615756
174,Liam Byrne,166,2,8.0,16,Position 16,-2.052514701808298,-0.7160196665099037,-2.7685343683182015,1.0,-2.7685343683182015
106,Hakim Miloudi,32,3,24.0,5,Position 5,-1.0518154704163472,-2.14691925392531,-3.1987347243416573,0.8944271909999159,-2.8610353142467986
3,Jack Walker,74,4,108.0,1,Position 1,-0.9891412277724311,-1.8764138221356024,-2.8655550499080333,1.0,-2.8655550499080333
419,Will Dagger,65,3,120.0,1,Position 1,-2.0297518010902675,-0.8936385395566413,-2.923390340646909,1.0,-2.923390340646909
338,Jonny Vaughan,20,2,8.0,4,Position 4,-2.3936789894053776,-1.7550488570271883,-4.148727846432566,0.7071067811865476,-2.933593593509929
191,Paul Seguier,108,1,30.0,18,Position 18,-1.046930930739829,-1.8894613364356487,-2.936392267175478,1.0,-2.936392267175478
240,Kai Morgan,23,1,6.0,15,Position 15,-1.459806094205864,-2.523669478695911,-3.983475572901775,0.758287544405155,-3.020619910373605
435,Alex Sutcliffe,38,2,16.0,3,Position 3,-1.5911001892805678,-1.5302396612067157,-3.1213398504872836,0.9746794344808963,-3.042305760295631
721,Matthew Smith,21,2,0.0,7,Position 7,-3.065769872160603,-1.200440730037777,-4.26621060219838,0.724568837309472,-3.0911632557522224
