competition_id,fixture_id,fixture_date,fixture_time,fixture_url,fixture_round,neutral_venue,weather_temp,weather_rainfall,weather_wind,weather_phenomena,home_team,away_team,home_odds,draw_odds,away_odds,ht_handicap_line,handicap_line,ht_total_points_line,total_points_line,home_ht_score,away_ht_score,home_ft_score,away_ft_score,home_agp_score,away_agp_score,first_scoring_play,team_scoring_first_try,team_scoring_last_try,first_tryscorer_name,last_tryscorer_name,help_home_ht_cover,help_away_ht_cover,help_home_cover,help_away_cover,help_ht_over,help_ht_under,help_over,help_under
2,11092,2026-02-12,20:00:00,https://www.superleague.co.uk/match-centre/report/43908,1,0,3.28,0.75,2.94,light rain,York RLFC,Hull Kingston Rovers,13.05,39.45,1.05,10.5,22.5,17.5,36.5,6,6,19,18,,,Home Try,Home,Home,Sam Wood,Scott Galeano,1,0,1,0,0,1,1,0
2,11093,2026-02-13,19:00:00,https://www.superleague.co.uk/match-centre/report/43909,1,0,11.13,1,3.51,light rain,Catalans Dragons,Huddersfield Giants,1.2,22.25,4.7,-5.5,-11.5,16.5,34.5,14,4,26,10,,,Home Try,Home,Home,Ben Condon,Solomona Faataape,1,0,1,0,1,0,1,0
2,11094,2026-02-13,20:00:00,https://www.superleague.co.uk/match-centre/report/43910,1,0,2.72,0,1.34,overcast clouds,Warrington Wolves,St Helens,2.2,17.55,1.7,0.5,1.5,14.5,29.5,18,0,24,14,,,Home Try,Home,Away,Toby King,Kyle Feldt,1,0,1,0,1,0,1,0
2,11095,2026-02-13,20:00:00,https://www.superleague.co.uk/match-centre/report/43911,1,0,2.62,0,1.34,overcast clouds,Leigh Leopards,Leeds Rhinos,1.45,19.15,2.85,-2.5,-5.5,15.5,32.5,10,2,26,14,,,Away Pen,Home,Away,Innes Senior,Brodie Croft,1,0,1,0,0,1,1,0
2,11096,2026-02-14,17:00:00,https://www.superleague.co.uk/match-centre/report/43912,1,0,4.95,0,2.06,few clouds,Hull FC,Bradford Bulls,1.1,34.5,8.15,-8.5,-18.5,20.5,41.5,18,10,27,20,,,Away Try,Away,Home,Waqa Blake,Cade Cust,0,1,0,1,1,0,1,0
2,11097,2026-02-14,20:00:00,https://www.superleague.co.uk/match-centre/report/43913,1,0,2.74,0,2.45,overcast clouds,Wakefield Trinity,Toulouse Olympique,1.05,35.55,11.1,-11.5,-23.5,20.5,42.5,6,8,16,18,,,Away Try,Away,Home,Oliver Ashall-Bott,Will Tate,0,1,0,1,0,1,0,1
2,11098,2026-02-15,15:00:00,https://www.superleague.co.uk/match-centre/report/43914,1,0,3.75,0,5.09,overcast clouds,Castleford Tigers,Wigan Warriors,7.05,28.4,1.1,8.5,17.5,19.5,39.5,6,10,16,26,,,Home Try,Home,Home,Liam Hood,George Lawler,1,0,1,0,0,1,1,0
2,11099,2026-02-20,20:00:00,https://www.superleague.co.uk/match-centre/report/43916,2,0,7.44,0,9.77,broken clouds,Bradford Bulls,Catalans Dragons,3.6,22.05,1.3,4.5,9.5,16.5,34.5,24,0,28,10,,,Home Try,Home,Home,Andy Ackers,Waqa Blake,1,0,1,0,1,0,1,0
2,11100,2026-02-20,20:00:00,https://www.superleague.co.uk/match-centre/report/43917,2,0,8,0,9.77,broken clouds,Leeds Rhinos,York RLFC,1.05,37.3,10.05,-10.5,-22.5,20.5,42.5,22,6,46,14,,,Home Try,Home,Away,James McDonnell,Scott Galeano,1,0,1,0,1,0,1,0
2,11101,2026-02-20,20:00:00,https://www.superleague.co.uk/match-centre/report/43918,2,0,8.04,0,6.63,overcast clouds,St Helens,Leigh Leopards,1.8,17.4,2.1,-0.5,-1.5,13.5,27.5,12,16,20,18,,,Away Try,Away,Home,Josh Charnley,Joe Shorrocks,0,1,1,0,1,0,1,0
2,11102,2026-02-21,19:00:00,https://www.superleague.co.uk/match-centre/report/43919,2,0,12.12,0,1.54,clear sky,Toulouse Olympique,Castleford Tigers,2,18.25,1.85,0.5,1.5,16.5,34.5,10,12,24,12,,,Home Try,Home,Home,Mathieu Jussaume,Reubenn Rennie,0,1,1,0,1,0,1,0
2,11103,2026-02-21,20:00:00,https://www.superleague.co.uk/match-centre/report/43920,2,0,10.91,0.15,4.92,light rain,Wigan Warriors,Hull FC,1.15,28.45,5.2,-6.5,-14.5,18.5,38.5,24,0,34,6,,,Home Try,Home,Away,Sam Walters,Harvie Hill,1,0,1,0,1,0,1,0
2,11104,2026-02-22,15:00:00,https://www.superleague.co.uk/match-centre/report/43921,2,0,12.02,0,3.58,clear sky,Huddersfield Giants,Wakefield Trinity,3.35,26,1.55,2.5,6.5,17.5,35.5,4,8,16,18,,,Away Try,Away,Home,Cameron Scott,George Flanagan,0,1,1,0,0,1,0,1
2,11105,2026-02-26,20:00:00,https://www.superleague.co.uk/match-centre/report/43922,3,0,10.52,0,4.19,overcast clouds,Wigan Warriors,Leigh Leopards,1.25,26,4.5,-4.5,-10.5,15.5,31.5,24,0,54,0,,,Home Try,Home,Home,Adam Keighran,Tom Forber,1,0,1,0,1,0,1,0
2,11106,2026-02-27,20:00:00,https://www.superleague.co.uk/match-centre/report/43923,3,0,8.43,1.15,3.09,moderate rain,Castleford Tigers,Huddersfield Giants,1.65,21,2.6,-1.5,-4.5,15.5,32.5,16,4,34,8,,,Home Try,Home,Home,Liam Hood,Ashton Golding,1,0,1,0,1,0,1,0
2,11107,2026-02-27,20:00:00,https://www.superleague.co.uk/match-centre/report/43924,3,0,7.89,0,4.31,overcast clouds,Hull FC,York RLFC,1.15,36,7,-7.5,-16.5,20.5,41.5,10,6,16,17,,,Away Try,Away,Home,David Nofoaluma,Lewis Martin,0,1,0,1,0,1,0,1
2,11108,2026-02-28,17:00:00,https://www.superleague.co.uk/match-centre/report/43926,3,0,7.46,0,2.68,scattered clouds,Warrington Wolves,Wakefield Trinity,1.35,29,4,-4.5,-9.5,20.5,42.5,14,2,27,16,,,Home Pen,Home,Home,Toafofoa Sipley,Toby King,1,0,1,0,0,1,1,0
2,11109,2026-02-28,19:00:00,https://www.superleague.co.uk/match-centre/report/43927,3,0,11.58,0,4.09,overcast clouds,Catalans Dragons,St Helens,2.3,23,1.8,0.5,1.5,18.5,38.5,0,6,4,36,,,Away Try,Away,Away,Daryl Clark,Kyle Feldt,0,1,0,1,0,1,1,0
2,11110,2026-02-28,16:00:00,https://www.superleague.co.uk/match-centre/report/43925,3,1,22,0,0,overcast clouds,Hull Kingston Rovers,Leeds Rhinos,1.7,26,2.4,-0.5,-2.5,22.5,46.5,0,28,6,58,,,Away Try,Away,Away,Maika Sivo,Cooper Jenkins,0,1,0,1,1,0,1,0
2,11111,2026-03-01,15:00:00,https://www.superleague.co.uk/match-centre/report/43928,3,0,11.43,0,5.74,broken clouds,Bradford Bulls,Toulouse Olympique,1.5,26,2.9,-2.5,-6.5,20.5,41.5,10,6,18,6,,,Home Pen,Away,Home,Anthony Marion,Ethan Ryan,1,0,1,0,0,1,0,1
2,11112,2026-03-05,20:00:00,https://www.superleague.co.uk/match-centre/report/43929,4,0,11.65,0,1.61,few clouds,Wakefield Trinity,Hull FC,1.65,23,2.9,-2.5,-5.5,19.5,39.5,10,10,14,10,,,Away Try,Away,Home,Lewis Martin,Will Tate,0,1,0,1,1,0,0,1
2,11113,2026-03-06,20:00:00,https://www.superleague.co.uk/match-centre/report/43931,4,0,5.42,0,2.07,overcast clouds,York RLFC,Warrington Wolves,6,36,1.2,6.5,13.5,21.5,44.5,18,22,30,38,,,Away Try,Away,Away,Sam Stone,Josh Thewlis,1,0,1,0,1,0,1,0
2,11114,2026-03-06,20:00:00,https://www.superleague.co.uk/match-centre/report/43932,4,0,5.84,0,1.2,broken clouds,Leigh Leopards,Catalans Dragons,1.45,29,3.6,-3.5,-8.5,20.5,41.5,6,6,16,22,,,Home Try,Home,Home,Tesi Niu,Tesi Niu,0,1,0,1,0,1,0,1
2,11115,2026-03-07,18:00:00,https://www.superleague.co.uk/match-centre/report/43930,4,0,14.33,0,5.56,overcast clouds,Toulouse Olympique,Wigan Warriors,26,67,1.1,10.5,21.5,23.5,48.5,6,18,16,36,,,Away Try,Away,Away,Zach Eckersley,Sam Walters,0,1,1,0,1,0,1,0
2,11116,2026-03-07,17:00:00,https://www.superleague.co.uk/match-centre/report/43933,4,0,8.02,0,2.26,overcast clouds,St Helens,Bradford Bulls,1.1,51,11,-10.5,-22.5,23.5,48.5,4,10,26,22,,,Home Try,Home,Home,Shane Wright,Deon Cross,0,1,0,1,0,1,0,1
2,11117,2026-03-08,15:00:00,https://www.superleague.co.uk/match-centre/report/43934,4,0,11.44,0,2.12,overcast clouds,Leeds Rhinos,Castleford Tigers,1.1,41,8.5,-8.5,-18.5,23.5,48.5,10,4,22,4,,,Home Try,Home,Home,George Brown,Maika Sivo,0,1,0,1,0,1,0,1
2,11118,2026-03-08,15:00:00,https://www.superleague.co.uk/match-centre/report/43935,4,0,12.11,0,1.88,overcast clouds,Huddersfield Giants,Hull Kingston Rovers,9,36,1.15,8.5,18.5,24.5,50.5,0,16,6,32,,,Away Try,Away,Away,Oliver Gildart,Mikey Lewis,0,1,0,1,0,1,0,1
2,11119,2026-03-19,20:00:00,https://www.superleague.co.uk/match-centre/report/43936,5,0,12.12,0,2.84,scattered clouds,Wigan Warriors,York RLFC,1.05,56,15,-12.5,-26.5,23.5,48.5,10,14,23,22,,,Away Try,Away,Away,David Nofoaluma,Ata Hingano,0,1,0,1,1,0,0,1
2,11120,2026-03-20,19:00:00,https://www.superleague.co.uk/match-centre/report/43937,5,0,12.13,0,3.62,clear sky,Toulouse Olympique,St Helens,4,36,1.35,4.5,9.5,22.5,45.5,0,28,16,30,,,Away Try,Away,Home,Agnatius Paasi,Tyler Dupree,0,1,0,1,1,0,1,0
2,11121,2026-03-20,20:00:00,https://www.superleague.co.uk/match-centre/report/43938,5,0,9.79,0,1.94,overcast clouds,Wakefield Trinity,Leigh Leopards,1.5,31,3.2,-3.5,-7.5,20.5,41.5,8,4,18,14,,,Home Try,Home,Away,Jazz Tevaga,Jacob Alick-Wiencke,1,0,0,1,0,1,0,1
2,11122,2026-03-20,20:00:00,https://www.superleague.co.uk/match-centre/report/43939,5,0,9.52,0,1.44,overcast clouds,Bradford Bulls,Huddersfield Giants,1.35,34,4,-3.5,-8.5,21.5,43.5,4,2,26,14,,,Away Pen,Away,Home,Tristan Powell,Jayden Nikorima,0,1,1,0,0,1,0,1
2,11123,2026-03-21,15:00:00,https://www.superleague.co.uk/match-centre/report/43940,5,0,15.43,0,0.69,scattered clouds,Warrington Wolves,Castleford Tigers,1.1,51,9.5,-9.5,-19.5,23.5,48.5,32,6,72,6,,,Home Pen,Home,Home,Matty Ashton,Matty Ashton,1,0,1,0,1,0,1,0
2,11124,2026-03-21,18:00:00,https://www.superleague.co.uk/match-centre/report/43941,5,0,17.21,0,2.06,clear sky,Catalans Dragons,Hull Kingston Rovers,3.5,31,1.4,3.5,8.5,20.5,41.5,14,6,26,20,,,Away Try,Away,Home,Tyrone May,Lenny Marc,1,0,1,0,0,1,1,0
2,11125,2026-03-22,15:00:00,https://www.superleague.co.uk/match-centre/report/43942,5,0,11.78,0,2.83,overcast clouds,Hull FC,Leeds Rhinos,5.35,36,1.25,6.5,13.5,21.5,43.5,14,16,24,16,,,Away Pen,Home,Home,Jake Arthur,Davy Litten,1,0,1,0,1,0,0,1
2,11126,2026-03-26,20:00:00,https://www.superleague.co.uk/match-centre/report/43943,6,0,6.26,0,2.72,overcast clouds,Castleford Tigers,Bradford Bulls,2.1,21,1.85,0.5,1.5,18.5,38.5,22,16,40,28,,,Away Try,Away,Away,Esan Marsters,Esan Marsters,1,0,1,0,1,0,1,0
2,11127,2026-03-27,20:00:00,https://www.superleague.co.uk/match-centre/report/43944,6,0,9.17,0,4.12,clear sky,Hull Kingston Rovers,St Helens,1.35,31,3.8,-4.5,-9.5,18.5,37.5,30,0,52,10,,,Home Try,Home,Away,Joe Burgess,Shane Wright,1,0,1,0,1,0,1,0
2,11128,2026-03-27,20:00:00,https://www.superleague.co.uk/match-centre/report/43945,6,0,6.47,0,5.51,scattered clouds,York RLFC,Wakefield Trinity,3.2,31,1.45,3.5,7.5,20.5,42.5,10,12,14,26,,,Away Try,Away,Away,Sam Wood,Oliver Pratt,1,0,0,1,1,0,0,1
2,11129,2026-03-28,15:00:00,https://www.superleague.co.uk/match-centre/report/43946,6,0,8.15,0,2.68,clear sky,Wigan Warriors,Huddersfield Giants,1.05,81,13,-11.5,-24.5,23.5,48.5,4,16,16,34,,,Away Try,Away,Home,Jacob Gagai,Liam Farrell,0,1,0,1,0,1,1,0
2,11130,2026-03-28,17:00:00,https://www.superleague.co.uk/match-centre/report/43947,6,0,7.94,0,7.16,clear sky,Leigh Leopards,Toulouse Olympique,1.15,41,8,-7.5,-15.5,21.5,43.5,20,6,21,20,,,Home Try,Home,Away,Josh Charnley,Benjamin Laguerre,1,0,0,1,1,0,0,1
2,11131,2026-03-29,15:00:00,https://www.superleague.co.uk/match-centre/report/43948,6,0,8.35,0.65,9.38,light rain,Hull FC,Catalans Dragons,1.65,26,2.65,-1.5,-4.5,18.5,37.5,22,0,24,20,,,Home Try,Home,Away,Arthur Romano,Charlie Staines,1,0,0,1,1,0,1,0
2,11132,2026-03-29,17:00:00,https://www.superleague.co.uk/match-centre/report/43949,6,0,10.48,0,11.83,broken clouds,Leeds Rhinos,Warrington Wolves,1.5,29,3.2,-2.5,-6.5,18.5,38.5,8,12,26,22,,,Away Pen,Away,Away,Josh Thewlis,Josh Smith,0,1,0,1,1,0,1,0
2,11133,2026-04-03,12:00:00,https://www.superleague.co.uk/match-centre/report/43951,7,0,9.93,0,7.36,overcast clouds,Hull Kingston Rovers,Hull FC,1.2,41,5.5,-5.5,-12.5,19.5,39.5,10,6,24,6,,,Home Try,Home,Home,Jack Broadbent,Joe Burgess,0,1,1,0,0,1,0,1
2,11134,2026-04-03,15:00:00,https://www.superleague.co.uk/match-centre/report/43950,7,0,12.29,0,6.66,overcast clouds,St Helens,Wigan Warriors,3.2,26,1.55,2.5,6.5,17.5,35.5,10,12,34,24,,,Away Try,Away,Home,Harry Smith,Bill Leyland,1,0,1,0,1,0,1,0
2,11135,2026-04-03,20:00:00,https://www.superleague.co.uk/match-centre/report/43952,7,0,7.65,0,8.86,clear sky,Bradford Bulls,Leeds Rhinos,6.5,41,1.15,6.5,14.5,19.5,39.5,8,6,12,24,,,Home Try,Home,Home,Waqa Blake,Caleb Aekins,1,0,1,0,0,1,0,1
2,11136,2026-04-04,15:00:00,https://www.superleague.co.uk/match-centre/report/43953,7,0,11.23,0,7.08,overcast clouds,Huddersfield Giants,York RLFC,1.4,31,3.5,-4.5,-9.5,21.5,44.5,18,8,34,14,,,Home Try,Home,Home,Adam Clune,Zac Woolford,1,0,1,0,1,0,1,0
2,11137,2026-04-04,15:00:00,https://www.superleague.co.uk/match-centre/report/43954,7,0,14.22,0,7.56,overcast clouds,Warrington Wolves,Leigh Leopards,1.35,31,4.35,-3.5,-8.5,21.5,44.5,24,0,42,6,,,Home Try,Home,Home,Josh Smith,Sam Powell,1,0,1,0,1,0,1,0
2,11138,2026-04-04,19:00:00,https://www.superleague.co.uk/match-centre/report/43955,7,0,19.37,0,2.74,clear sky,Catalans Dragons,Toulouse Olympique,1.25,36,5,-5.5,-12.5,21.5,44.5,16,16,33,26,,,Home Try,Home,Away,Toby Sexton,Luke Polselli,0,1,0,1,1,0,1,0
2,11139,2026-04-05,15:00:00,https://www.superleague.co.uk/match-centre/report/43956,7,0,9.72,0.86,8.61,light rain,Castleford Tigers,Wakefield Trinity,3.1,31,1.5,2.5,6.5,20.5,42.5,0,16,0,34,,,Away Try,Away,Away,Jake Trueman,Jake Trueman,0,1,0,1,0,1,0,1
2,11140,2026-04-16,20:00:00,https://www.superleague.co.uk/match-centre/report/43957,8,0,13.04,0,3.78,overcast clouds,Hull FC,St Helens,2.7,26,1.6,2.5,5.5,20.5,42.5,12,6,14,24,,,Home Try,Home,Away,Logan Moy,Harry Robertson,1,0,0,1,0,1,0,1
2,11141,2026-04-17,19:00:00,https://www.superleague.co.uk/match-centre/report/43958,8,0,22.09,0,2.13,scattered clouds,Toulouse Olympique,Hull Kingston Rovers,13,61,1.05,10.5,22.5,23.5,48.5,0,18,0,46,,,Away Try,Away,Away,Elliot Minchella,Joe Burgess,0,1,0,1,0,1,0,1
2,11142,2026-04-17,20:00:00,https://www.superleague.co.uk/match-centre/report/43959,8,0,11.63,0,5.51,clear sky,Huddersfield Giants,Leeds Rhinos,4.25,31,1.35,4.5,9.5,19.5,40.5,10,28,22,56,,,Home Try,Home,Home,George King,Oliver Russell,0,1,0,1,1,0,1,0
2,11143,2026-04-17,20:00:00,https://www.superleague.co.uk/match-centre/report/43960,8,0,12.62,0,6.76,clear sky,York RLFC,Leigh Leopards,4.5,36,1.3,4.5,10.5,20.5,42.5,6,8,6,18,,,Away Try,Away,Away,Gareth O'Brien,Jacob Alick-Wiencke,1,0,0,1,0,1,0,1
2,11144,2026-04-18,15:00:00,https://www.superleague.co.uk/match-centre/report/43961,8,0,12.72,0,5.28,broken clouds,Wakefield Trinity,Bradford Bulls,1.15,41,8,-7.5,-16.5,21.5,44.5,24,0,52,12,,,Home Try,Home,Home,Tom Johnstone,Tom Johnstone,1,0,1,0,1,0,1,0
2,11145,2026-04-18,19:00:00,https://www.superleague.co.uk/match-centre/report/43962,8,0,23.5,0,0.6,broken clouds,Catalans Dragons,Warrington Wolves,2.5,26,1.65,1.5,4.5,21.5,44.5,10,10,38,22,,,Away Try,Away,Away,Jake Thewlis,Max Wood,1,0,1,0,0,1,1,0
2,11146,2026-04-19,15:00:00,https://www.superleague.co.uk/match-centre/report/43963,8,0,12.14,0,0.89,overcast clouds,Wigan Warriors,Castleford Tigers,1.1,71,13,-10.5,-22.5,24.5,50.5,14,6,14,24,,,Away Try,Away,Away,Krystian Mapapalangi,George Lawler,0,1,0,1,0,1,0,1
2,11147,2026-04-23,20:00:00,https://www.superleague.co.uk/match-centre/report/43964,9,0,10.53,0,3.5,clear sky,York RLFC,Toulouse Olympique,1.5,31,3.2,-3.5,-7.5,21.5,44.5,18,6,38,14,,,Away Try,Away,Away,Paul Vaughan,Mathieu Jussaume,1,0,1,0,1,0,1,0
2,11148,2026-04-23,20:00:00,https://www.superleague.co.uk/match-centre/report/43965,9,0,17.32,0,1.34,clear sky,Leigh Leopards,Huddersfield Giants,1.35,31,4.5,-4.5,-10.5,21.5,44.5,20,10,30,16,,,Home Try,Home,Away,AJ Towse,Jacob Gagai,1,0,1,0,1,0,1,0
2,11149,2026-04-24,20:00:00,https://www.superleague.co.uk/match-centre/report/43966,9,0,16.05,0,2.03,clear sky,Leeds Rhinos,Catalans Dragons,1.25,36,5,-5.5,-12.5,22.5,46.5,16,0,46,4,,,Home Try,Home,Home,Ash Handley,James McDonnell,1,0,1,0,0,1,1,0
2,11150,2026-04-24,20:00:00,https://www.superleague.co.uk/match-centre/report/43967,9,0,16.53,0,2.09,clear sky,Warrington Wolves,Wigan Warriors,1.85,23,2.2,-0.5,-1.5,20.5,42.5,8,0,23,6,,,Home Pen,Home,Home,Josh Thewlis,Albert Hopoate,1,0,1,0,0,1,0,1
2,11151,2026-04-24,20:00:00,https://www.superleague.co.uk/match-centre/report/43968,9,0,17.79,0,2.34,clear sky,Castleford Tigers,Hull FC,2.45,26,1.8,0.5,2.5,20.5,42.5,6,20,10,50,,,Away Try,Away,Away,Jake Arthur,Yusuf Aydin,0,1,0,1,1,0,1,0
2,11152,2026-04-25,15:00:00,https://www.superleague.co.uk/match-centre/report/43969,9,0,18.44,0,1.04,overcast clouds,Bradford Bulls,Hull Kingston Rovers,71,101,1.01,16.5,33.5,26.5,54.5,12,24,12,48,,,Away Try,Away,Away,Mikey Lewis,Peta Hiku,1,0,0,1,1,0,1,0
2,11153,2026-04-25,17:00:00,https://www.superleague.co.uk/match-centre/report/43970,9,0,20.98,0,3.6,clear sky,St Helens,Wakefield Trinity,1.45,31,3.4,-3.5,-7.5,21.5,44.5,16,0,18,12,,,Home Try,Home,Away,Jake Davies,Caius Faatili,1,0,0,1,0,1,0,1
2,11154,2026-04-30,20:00:00,https://www.superleague.co.uk/match-centre/report/43971,10,0,11.19,0,5.41,clear sky,Hull Kingston Rovers,Castleford Tigers,1.05,71,21,-14.5,-29.5,25.5,52.5,34,0,50,6,,,Home Try,Home,Away,Karl Lawton,Krystian Mapapalangi,1,0,1,0,1,0,1,0
2,11155,2026-05-01,20:00:00,https://www.superleague.co.uk/match-centre/report/43972,10,0,17.79,0,6.17,clear sky,Leeds Rhinos,Wakefield Trinity,1.25,36,5.1,-5.5,-12.5,21.5,44.5,20,12,40,22,,,Home Pen,Home,Home,Maika Sivo,Brodie Croft,1,0,1,0,1,0,1,0
2,11156,2026-05-01,20:00:00,https://www.superleague.co.uk/match-centre/report/43973,10,0,12.89,1.33,3.3,moderate rain,St Helens,York RLFC,1.05,56,17,-12.5,-26.5,24.5,50.5,16,10,40,16,,,Home Try,Home,Away,Bill Leyland,Scott Galeano,0,1,0,1,1,0,1,0
2,11157,2026-05-02,15:00:00,https://www.superleague.co.uk/match-centre/report/43974,10,0,17.4,0,1.67,overcast clouds,Wigan Warriors,Bradford Bulls,1.05,61,15,-12.5,-26.5,26.5,54.5,26,6,38,14,,,Home Try,Home,Away,Zach Eckersley,Ethan Ryan,1,0,0,1,1,0,0,1
2,11158,2026-05-02,19:00:00,https://www.superleague.co.uk/match-centre/report/43975,10,0,19.28,0,7.79,overcast clouds,Catalans Dragons,Leigh Leopards,1.75,23,2.45,-1.5,-3.5,20.5,42.5,6,10,18,33,,,Away Pen,Home,Away,Toby Sexton,Frankie Halton,0,1,0,1,0,1,1,0
2,11159,2026-05-02,20:00:00,https://www.superleague.co.uk/match-centre/report/43976,10,0,15.36,0,0.89,overcast clouds,Huddersfield Giants,Warrington Wolves,4.2,31,1.35,3.5,8.5,21.5,44.5,0,28,4,34,,,Away Try,Away,Away,Albert Hopoate,Matty Ashton,0,1,0,1,1,0,0,1
2,11160,2026-05-03,15:00:00,https://www.superleague.co.uk/match-centre/report/43977,10,0,11.11,0,3.6,light intensity drizzle,Hull FC,Toulouse Olympique,1.1,61,10,-9.5,-20.5,20.5,42.5,4,12,4,12,,,Away Try,Away,Home,Oliver Ashall-Bott,Tom Briscoe,0,1,0,1,0,1,0,1
2,11161,2026-05-14,20:00:00,https://www.superleague.co.uk/match-centre/report/43978,11,0,7.73,5.62,3.58,heavy intensity rain,Huddersfield Giants,St Helens,5,36,1.25,5.5,11.5,18.5,38.5,0,24,18,26,,,Away Try,Away,Home,Harry Robertson,Niall Evalds,0,1,1,0,1,0,1,0
2,11162,2026-05-15,20:00:00,https://www.superleague.co.uk/match-centre/report/43980,11,0,11.12,0,3.66,broken clouds,Wakefield Trinity,Catalans Dragons,1.3,36,4.4,-4.5,-10.5,21.5,43.5,10,10,58,10,,,Away Try,Away,Home,Charlie Staines,Will Tate,0,1,1,0,0,1,1,0
2,11163,2026-05-15,20:00:00,https://www.superleague.co.uk/match-centre/report/43979,11,0,11.67,0,3.58,scattered clouds,Wigan Warriors,Leeds Rhinos,1.95,21,2.1,-0.5,-1.5,17.5,36.5,16,0,24,4,,,Home Try,Home,Away,Jack Farrimond,Maika Sivo,1,0,1,0,0,1,0,1
2,11164,2026-05-16,15:00:00,https://www.superleague.co.uk/match-centre/report/43981,11,0,12.83,0,2.89,overcast clouds,York RLFC,Castleford Tigers,1.85,26,2.2,-0.5,-2.5,21.5,43.5,18,12,18,24,,,Away Try,Away,Away,George Hirst,Brock Greacen,1,0,0,1,1,0,0,1
2,11165,2026-05-16,17:00:00,https://www.superleague.co.uk/match-centre/report/43982,11,0,11.15,0.65,0.45,light rain,Leigh Leopards,Hull Kingston Rovers,2.9,26,1.55,2.5,6.5,19.5,39.5,6,20,16,20,,,Away Pen,Home,Home,Jacob Alick-Wiencke,Jack Hughes,0,1,1,0,1,0,0,1
2,11166,2026-05-16,18:00:00,https://www.superleague.co.uk/match-centre/report/43983,11,0,13.1,0,4,overcast clouds,Toulouse Olympique,Warrington Wolves,6,36,1.2,6.5,14.5,21.5,44.5,0,18,16,24,,,Away Try,Away,Home,Toby King,Oliver Ashall-Bott,0,1,1,0,0,1,0,1
2,11167,2026-05-17,15:00:00,https://www.superleague.co.uk/match-centre/report/43984,11,0,12.09,0,6.69,scattered clouds,Bradford Bulls,Hull FC,3.2,29,1.5,2.5,6.5,20.5,42.5,6,4,16,14,,,Away Pen,Home,Away,Waqa Blake,Davy Litten,1,0,1,0,0,1,0,1
2,11168,2026-05-21,20:00:00,https://www.superleague.co.uk/match-centre/report/43985,12,0,19.62,0,2.06,broken clouds,Hull Kingston Rovers,Wigan Warriors,1.05,101,29,-16.5,-34.5,26.5,54.5,42,0,62,4,,,Home Try,Home,Home,Mikey Lewis,Sam Luckley,1,0,1,0,1,0,1,0
2,11169,2026-05-22,20:00:00,https://www.superleague.co.uk/match-centre/report/43986,12,0,18.8,0,3.25,overcast clouds,Leigh Leopards,Hull FC,1.15,41,9.5,-7.5,-16.5,21.5,44.5,12,6,42,6,,,Home Try,Home,Home,Josh Charnley,Lachlan Lam,0,1,1,0,0,1,1,0
2,11170,2026-05-22,20:00:00,https://www.superleague.co.uk/match-centre/report/43987,12,0,22.67,0,4.3,overcast clouds,Leeds Rhinos,Huddersfield Giants,1.05,71,13,-11.5,-24.5,25.5,51.5,24,0,52,0,,,Home Try,Home,Home,Mikolaj Oledzki,Chris Hankinson,1,0,1,0,0,1,1,0
2,11171,2026-05-23,15:00:00,https://www.superleague.co.uk/match-centre/report/43988,12,0,21.98,0,4.27,scattered clouds,Castleford Tigers,St Helens,5,41,1.2,6.5,14.5,24.5,50.5,10,0,30,10,,,Home Try,Home,Away,Jason Qareqare,Owen Dagnall,1,0,1,0,0,1,0,1
2,11172,2026-05-23,18:00:00,https://www.superleague.co.uk/match-centre/report/43989,12,0,29.65,0,2.3,clear sky,Toulouse Olympique,Wakefield Trinity,5,41,1.2,7.5,15.5,23.5,48.5,8,10,18,22,,,Home Pen,Home,Home,James Roumanos,Paul Ulberg,1,0,1,0,0,1,0,1
2,11173,2026-05-23,20:00:00,https://www.superleague.co.uk/match-centre/report/43990,12,0,17.27,0,4.19,overcast clouds,York RLFC,Catalans Dragons,3.1,31,1.55,3.5,7.5,23.5,48.5,0,6,22,36,,,Away Try,Away,Away,Matty Russell,Charlie Staines,0,1,0,1,0,1,1,0
2,11174,2026-05-24,15:00:00,https://www.superleague.co.uk/match-centre/report/43991,12,0,24.93,0,1.54,clear sky,Warrington Wolves,Bradford Bulls,1.1,61,11,-10.5,-22.5,26.5,54.5,14,6,26,12,,,Home Try,Home,Away,Josh Thewlis,Jayden Nikorima,0,1,0,1,0,1,0,1
2,11175,2026-06-04,20:00:00,https://www.superleague.co.uk/match-centre/report/43992,13,0,14.89,0.24,7.18,light rain,Leeds Rhinos,St Helens,1.35,26,4.5,-3.5,-8.5,15.5,32.5,8,16,24,16,,,Home Pen,Away,Home,Alex Walmsley,Maika Sivo,0,1,0,1,1,0,1,0
2,11176,2026-06-05,20:00:00,https://www.superleague.co.uk/match-centre/report/43993,13,0,16.6,0,0.89,overcast clouds,Warrington Wolves,Hull FC,1.2,36,6,-7.5,-15.5,22.5,45.5,0,4,12,4,,,Away Try,Away,Home,Harvey Barron,Josh Smith,0,1,0,1,0,1,0,1
2,11177,2026-06-05,20:00:00,https://www.superleague.co.uk/match-centre/report/43994,13,0,14.37,0,4.92,overcast clouds,Bradford Bulls,York RLFC,1.5,26,3.1,-3.5,-7.5,20.5,42.5,8,4,30,20,,,Away Try,Away,Away,David Nofoaluma,Liam Harris,1,0,1,0,0,1,1,0
2,11178,2026-06-05,20:00:00,https://www.superleague.co.uk/match-centre/report/43995,13,0,16.03,0,2.83,overcast clouds,Castleford Tigers,Leigh Leopards,3.75,29,1.35,3.5,8.5,20.5,42.5,8,12,14,24,,,Home Try,Home,Away,Jason Qareqare,Adam Cook,0,1,0,1,0,1,0,1
2,11179,2026-06-06,15:00:00,https://www.superleague.co.uk/match-centre/report/43996,13,0,12.52,0,3.35,overcast clouds,Huddersfield Giants,Toulouse Olympique,1.5,28,3.2,-2.5,-6.5,21.5,44.5,10,24,16,36,,,Away Try,Away,Away,Henry O'Kane,Henry O'Kane,0,1,0,1,1,0,1,0
2,11180,2026-06-06,16:00:00,https://www.superleague.co.uk/match-centre/report/43997,13,0,15.56,0,3.31,overcast clouds,Wakefield Trinity,Hull Kingston Rovers,2.2,26,1.85,0.5,1.5,18.5,38.5,16,12,26,24,,,Home Try,Home,Home,Oliver Pratt,Mason Lino,1,0,1,0,1,0,1,0
2,11181,2026-06-06,19:00:00,https://www.superleague.co.uk/match-centre/report/43998,13,0,27.21,0,5.38,overcast clouds,Catalans Dragons,Wigan Warriors,3.3,29,1.5,2.5,6.5,20.5,42.5,6,30,16,40,,,Away Try,Away,Away,Jai Field,Adam Keighran,0,1,0,1,1,0,1,0
2,11182,2026-06-12,19:00:00,https://www.superleague.co.uk/match-centre/report/44001,14,0,28.49,0,3.37,few clouds,Toulouse Olympique,Leeds Rhinos,6.15,31.5,1.1,7.5,16.5,23.5,48.5,6,30,24,48,,,Away Try,Away,Away,Brodie Croft,Cameron Smith,0,1,0,1,1,0,1,0
2,11183,2026-06-12,20:00:00,https://www.superleague.co.uk/match-centre/report/44000,14,0,16.85,0,6.11,clear sky,Wakefield Trinity,Wigan Warriors,2.7,20.7,1.5,1.5,4.5,20.5,42.5,6,20,10,48,,,Away Try,Away,Away,Liam Farrell,Liam Farrell,0,1,0,1,1,0,1,0
2,11184,2026-06-12,20:00:00,https://www.superleague.co.uk/match-centre/report/44002,14,0,17.4,0,7.06,clear sky,Hull Kingston Rovers,York RLFC,1.01,49.8,15.15,-13.5,-28.5,26.5,53.5,22,6,38,6,,,Away Try,Away,Home,Jonathan Bennison,Rhyse Martin,1,0,1,0,1,0,0,1
2,11185,2026-06-11,20:00:00,https://www.superleague.co.uk/match-centre/report/43999,14,0,14.99,0,5.71,overcast clouds,St Helens,Warrington Wolves,1.45,20.8,2.85,-2.5,-6.5,19.5,40.5,6,6,6,18,,,Home Try,Home,Away,Tristan Sailor,Ewan Irwin,0,1,0,1,0,1,0,1
2,11186,2026-06-13,15:00:00,https://www.superleague.co.uk/match-centre/report/44003,14,0,16.3,0,7.41,overcast clouds,Hull FC,Huddersfield Giants,1.25,26.05,3.9,-5.5,-11.5,21.5,44.5,12,6,36,12,,,Away Try,Away,Away,Oliver Russell,Connor Wrench,1,0,1,0,0,1,1,0
2,11187,2026-06-13,19:00:00,https://www.superleague.co.uk/match-centre/report/44004,14,0,30.52,0,2.89,clear sky,Catalans Dragons,Castleford Tigers,1.25,26.15,4.25,-5.5,-12.5,23.5,48.5,22,12,34,28,,,Home Try,Home,Away,Tommy Makinson,Krystian Mapapalangi,1,0,0,1,1,0,1,0
2,11188,2026-06-14,15:00:00,https://www.superleague.co.uk/match-centre/report/44005,14,0,17.15,0,2.32,overcast clouds,Bradford Bulls,Leigh Leopards,3.5,24.55,1.3,3.5,8.5,22.5,45.5,0,14,12,38,,,Away Pen,Away,Away,Josh Charnley,Louis Brogan,0,1,0,1,0,1,1,0
2,11189,2026-06-18,20:00:00,https://www.superleague.co.uk/match-centre/report/44006,15,0,22.98,0,0.89,broken clouds,Warrington Wolves,Leeds Rhinos,2,18.3,1.85,-0.5,0.5,19.5,39.5,2,16,6,34,,,Home Pen,Away,Home,Maika Sivo,Matty Ashton,0,1,0,1,0,1,1,0
2,11190,2026-06-19,20:00:00,https://www.superleague.co.uk/match-centre/report/44007,15,0,27.22,0,2.24,overcast clouds,Hull Kingston Rovers,Leigh Leopards,1.2,26.95,4.75,-5.5,-12.5,22.5,46.5,10,4,22,8,,,Home Try,Home,Away,Joe Burgess,Bailey Hodgson,1,0,1,0,0,1,0,1
2,11191,2026-06-19,20:00:00,https://www.superleague.co.uk/match-centre/report/44008,15,0,27.23,0,2.24,overcast clouds,Hull FC,Wakefield Trinity,2.2,20.15,1.7,0.5,2.5,21.5,43.5,0,24,10,36,,,Away Try,Away,Away,Tom Johnstone,Seth Nikotemo,0,1,0,1,1,0,1,0
2,11192,2026-06-20,15:00:00,https://www.superleague.co.uk/match-centre/report/44009,15,0,21.69,0,5.29,overcast clouds,York RLFC,Wigan Warriors,14.7,48.25,1.01,13.5,28.5,26.5,54.5,0,44,20,72,,,Away Try,Away,Away,Sam Eseh,Cody Hunter,0,1,0,1,1,0,1,0
2,11193,2026-06-20,19:00:00,https://www.superleague.co.uk/match-centre/report/44010,15,0,27.21,0,2.22,broken clouds,Catalans Dragons,Bradford Bulls,1.2,25.85,4.35,-5.5,-12.5,24.5,50.5,22,10,34,24,,,Home Try,Home,Away,Zac Lipowicz,Connor Wynne,1,0,0,1,1,0,1,0
2,11194,2026-06-20,20:00:00,https://www.superleague.co.uk/match-centre/report/44011,15,0,22.5,0,1.79,overcast clouds,Castleford Tigers,Toulouse Olympique,1.25,24.6,4,-5.5,-11.5,22.5,46.5,24,0,36,18,,,Home Try,Home,Away,Tom Weaver,Cesar Rouge,1,0,1,0,1,0,1,0
2,11195,2026-06-21,15:00:00,https://www.superleague.co.uk/match-centre/report/44012,15,0,25.34,0,0.89,overcast clouds,St Helens,Huddersfield Giants,1.05,40.2,8.9,-10.5,-22.5,25.5,52.5,16,0,38,6,,,Home Try,Home,Home,Curtis Sironen,Jake Davies,1,0,1,0,0,1,0,1
2,11196,2026-06-25,20:00:00,https://www.superleague.co.uk/match-centre/report/44013,16,0,31.39,0,2.24,clear sky,Warrington Wolves,Catalans Dragons,1.25,27.1,4.2,-5.5,-12.5,24.5,50.5,6,10,18,16,,,Home Try,Home,Away,Matty Ashton,Lewis Dodd,0,1,0,1,0,1,0,1
2,11197,2026-06-26,20:00:00,https://www.superleague.co.uk/match-centre/report/44014,16,0,27.78,0,0.89,broken clouds,Leeds Rhinos,Hull Kingston Rovers,1.45,22.05,2.8,-2.5,-6.5,21.5,44.5,18,2,34,8,,,Home Pen,Home,Home,Chris Hankinson,Ash Handley,1,0,1,0,0,1,0,1
2,11198,2026-06-26,20:00:00,https://www.superleague.co.uk/match-centre/report/44015,16,0,28.43,0,4.87,overcast clouds,Castleford Tigers,York RLFC,1.2,28.8,4.65,-6.5,-14.5,26.5,53.5,10,6,14,20,,,Home Try,Home,Home,Semi Valemei,Semi Valemei,0,1,0,1,0,1,0,1
2,11199,2026-06-27,15:00:00,https://www.superleague.co.uk/match-centre/report/44016,16,0,30.57,0,3.13,overcast clouds,Hull FC,Wigan Warriors,9.7,43.15,1.05,11.5,23.5,27.5,56.5,10,4,16,20,,,Home Try,Home,Away,Lewis Martin,Harry Smith,1,0,1,0,0,1,0,1
2,11200,2026-06-27,17:00:00,https://www.superleague.co.uk/match-centre/report/44017,16,0,38.78,0,1.52,clear sky,Toulouse Olympique,Leigh Leopards,5.05,30.6,1.15,6.5,14.5,27.5,56.5,0,18,16,40,,,Away Try,Away,Away,Josh Charnley,Liam Horne,0,1,0,1,0,1,0,1
2,11201,2026-06-27,20:00:00,https://www.superleague.co.uk/match-centre/report/44018,16,0,25.1,0,1.34,scattered clouds,Bradford Bulls,St Helens,3.2,23.2,1.35,3.5,8.5,23.5,48.5,10,12,10,40,,,Away Pen,Home,Away,Phoenix Steinwede,Jack Welsby,1,0,0,1,0,1,1,0
2,11202,2026-06-28,15:00:00,https://www.superleague.co.uk/match-centre/report/44019,16,0,22.07,0,0.45,overcast clouds,Wakefield Trinity,Huddersfield Giants,1.1,38.4,8.1,-9.5,-20.5,26.5,54.5,16,12,29,23,,,Home Try,Home,Home,Tom Johnstone,Josh Rourke,0,1,0,1,1,0,0,1
2,11203,2026-07-04,12:00:00,https://www.superleague.co.uk/match-centre/report/44021,17,1,19.9,0,3.58,overcast clouds,Huddersfield Giants,York RLFC,1.65,20.4,2.3,-1.5,-3.5,24.5,50.5,6,14,24,36,,,Away Try,Away,Home,Jonathan Bennison,George Flanagan,0,1,0,1,0,1,1,0
2,11204,2026-07-04,15:00:00,https://www.superleague.co.uk/match-centre/report/44022,17,1,20.4,0,4.02,overcast clouds,Hull Kingston Rovers,Hull FC,1.25,26.95,4.05,-5.5,-12.5,25.5,51.5,12,4,26,12,,,Home Try,Home,Home,Mikey Lewis,Tyrone May,1,0,1,0,0,1,0,1
2,11205,2026-07-04,17:00:00,https://www.superleague.co.uk/match-centre/report/44023,17,1,20.67,0,3.58,overcast clouds,Leigh Leopards,Warrington Wolves,1.4,22.5,2.95,-3.5,-7.5,22.5,46.5,14,0,24,6,,,Home Try,Home,Away,Tesi Niu,Marc Sneyd,1,0,1,0,0,1,0,1
2,11206,2026-07-04,21:00:00,https://www.superleague.co.uk/match-centre/report/44020,17,1,30.82,0,3.57,clear sky,Catalans Dragons,Toulouse Olympique,1.25,25.95,4,-5.5,-12.5,24.5,50.5,12,32,18,60,,,Away Try,Away,Away,Luke Polselli,Luke Polselli,0,1,0,1,1,0,1,0
2,11207,2026-07-05,12:00:00,https://www.superleague.co.uk/match-centre/report/44024,17,1,17.95,0,3.58,overcast clouds,Wakefield Trinity,Castleford Tigers,1.25,26.15,4.25,-5.5,-12.5,22.5,46.5,20,0,48,6,,,Home Try,Home,Away,Cameron Scott,Jason Qareqare,1,0,1,0,0,1,1,0
2,11208,2026-07-05,15:00:00,https://www.superleague.co.uk/match-centre/report/44025,17,1,20.35,0,1.79,overcast clouds,Leeds Rhinos,Bradford Bulls,1.05,41.55,10.8,-13.5,-27.5,27.5,56.5,30,4,50,16,,,Home Try,Home,Home,Brodie Croft,Ash Handley,1,0,1,0,1,0,1,0
2,11209,2026-07-05,17:00:00,https://www.superleague.co.uk/match-centre/report/44026,17,1,20.35,0,2.24,overcast clouds,Wigan Warriors,St Helens,1.5,19.5,2.65,-2.5,-5.5,19.5,40.5,6,8,16,14,,,Away Pen,Home,Away,Adam Keighran,Jack Welsby,0,1,0,1,0,1,0,1
2,11210,2026-07-09,20:00:00,https://www.superleague.co.uk/match-centre/report/44027,18,0,28.13,0,2.15,clear sky,York RLFC,Hull FC,2.35,21.9,1.6,1.5,3.5,25.5,51.5,8,16,20,16,,,Away Try,Away,Away,David Nofoaluma,Nikau Williams,0,1,1,0,0,1,0,1
2,11211,2026-07-10,20:00:00,https://www.superleague.co.uk/match-centre/report/44028,18,0,31.89,0,2.24,few clouds,Wigan Warriors,Warrington Wolves,1.45,21.85,3,-8.5,-17.5,22.5,46.5,6,12,30,18,,,Away Try,Away,Home,Albert Hopoate,Austin Daniel,0,1,0,1,0,1,1,0
2,11212,2026-07-10,20:00:00,https://www.superleague.co.uk/match-centre/report/44029,18,0,29.84,0,2.24,scattered clouds,Huddersfield Giants,Bradford Bulls,2,21.1,1.85,-0.5,0.5,24.5,50.5,8,14,14,30,,,Away Try,Away,Away,Ryan Sutton,Waqa Blake,0,1,0,1,0,1,0,1
2,11213,2026-07-11,15:00:00,https://www.superleague.co.uk/match-centre/report/44030,18,0,28.72,0,1.79,overcast clouds,Leigh Leopards,Castleford Tigers,1.05,38.5,8.4,-9.5,-20.5,25.5,52.5,12,12,24,18,,,Home Try,Home,Away,Lachlan Lam,Phoenix Laulu-Togaga'e,0,1,0,1,0,1,0,1
2,11214,2026-07-11,17:00:00,https://www.superleague.co.uk/match-centre/report/44031,18,0,20.56,0,2.68,scattered clouds,Hull Kingston Rovers,Wakefield Trinity,1.25,25.15,4,-4.5,-10.5,23.5,48.5,6,6,6,20,,,Away Try,Away,Away,Harvey Smith,Caius Faatili,0,1,0,1,0,1,0,1
2,11215,2026-07-11,21:00:00,https://www.superleague.co.uk/match-centre/report/44032,18,0,27.77,0,2.35,few clouds,Catalans Dragons,Leeds Rhinos,5.25,28.7,1.15,6.5,14.5,24.5,50.5,0,16,6,28,,,Away Try,Away,Home,Harry Newman,Ugo Tison,0,1,0,1,0,1,0,1
2,11216,2026-07-12,15:00:00,https://www.superleague.co.uk/match-centre/report/44033,18,0,27.17,0,4.02,clear sky,St Helens,Toulouse Olympique,1.2,28.2,4.85,-7.5,-15.5,25.5,52.5,0,20,0,46,,,Away Try,Away,Away,Mathieu Jussaume,Benjamin Laguerre,0,1,0,1,0,1,0,1
2,11217,2026-07-16,20:00:00,https://www.superleague.co.uk/match-centre/report/44034,19,0,26.45,0,2.68,clear sky,Bradford Bulls,Wakefield Trinity,4.35,24.9,1.2,5.5,11.5,22.5,46.5,6,10,12,26,,,Away Try,Away,Away,Tom Johnstone,Harvey Smith,1,0,0,1,0,1,0,1
2,11218,2026-07-17,20:00:00,https://www.superleague.co.uk/match-centre/report/44035,19,0,22.88,0,1.79,clear sky,St Helens,Catalans Dragons,1.6,20.45,2.35,-1.5,-3.5,22.5,46.5,6,12,34,18,,,Away Try,Away,Home,Charlie Staines,Harry Robertson,0,1,1,0,0,1,1,0
2,11219,2026-07-17,20:00:00,https://www.superleague.co.uk/match-centre/report/44036,19,0,19.58,0,1.34,few clouds,Huddersfield Giants,Wigan Warriors,9.65,40.2,1.05,11.5,23.5,25.5,51.5,4,10,10,24,,,Home Try,Home,Away,Taane Milne,Zach Eckersley,1,0,1,0,0,1,0,1
2,11220,2026-07-18,15:00:00,https://www.superleague.co.uk/match-centre/report/44037,19,0,21.68,0,0.89,overcast clouds,Warrington Wolves,Hull Kingston Rovers,2.7,20.8,1.5,1.5,4.5,22.5,45.5,22,0,34,12,,,Home Try,Home,Away,Lachlan Webster,James Batchelor,1,0,1,0,0,1,1,0
2,11221,2026-07-18,17:00:00,https://www.superleague.co.uk/match-centre/report/44038,19,0,19.45,0,2.68,overcast clouds,Hull FC,Leigh Leopards,2.95,21.3,1.45,3.5,7.5,20.5,42.5,0,28,22,32,,,Away Try,Away,Home,Josh Charnley,Harvey Barron,0,1,0,1,1,0,1,0
2,11222,2026-07-18,21:00:00,https://www.superleague.co.uk/match-centre/report/44039,19,0,29.34,0,3.14,scattered clouds,Toulouse Olympique,York RLFC,1.3,26.4,3.8,-5.5,-11.5,25.5,52.5,28,0,30,22,,,Home Pen,Home,Away,Jake Shorrocks,Tom Inman,1,0,0,1,1,0,0,1
2,11223,2026-07-19,15:00:00,https://www.superleague.co.uk/match-centre/report/44040,19,0,20.87,0,2.24,few clouds,Castleford Tigers,Leeds Rhinos,7.85,40.05,1.1,9.5,19.5,26.5,54.5,16,20,36,34,,,Away Try,Away,Away,James McDonnell,Brodie Croft,1,0,1,0,1,0,1,0
2,11224,2026-07-23,20:00:00,https://www.superleague.co.uk/match-centre/report/44041,20,0,20.57,0,1.79,overcast clouds,Hull FC,Hull Kingston Rovers,2.95,27.05,1.4,2.5,6.5,20.5,41.5,12,12,20,34,,,Home Try,Home,Away,Joe Batchelor,Jordan Dezaria,1,0,0,1,1,0,1,0
2,11225,2026-07-24,20:00:00,https://www.superleague.co.uk/match-centre/report/44042,20,0,18.72,0,3.13,few clouds,Wigan Warriors,St Helens,1.05,39.4,9.25,-9.5,-20.5,21.5,43.5,18,12,38,16,,,Away Try,Away,Away,Jack Welsby,Lewis Murphy,0,1,1,0,1,0,1,0
2,11226,2026-07-24,20:00:00,https://www.superleague.co.uk/match-centre/report/44043,20,0,19.96,0,0.45,clear sky,Wakefield Trinity,Castleford Tigers,1.1,32.15,6.6,-7.5,-16.5,23.5,48.5,18,10,52,14,,,Home Try,Home,Away,Matty Storton,Jason Qareqare,1,0,1,0,1,0,1,0
2,11227,2026-07-25,15:00:00,https://www.superleague.co.uk/match-centre/report/44044,20,0,19.74,0,9.73,broken clouds,York RLFC,Huddersfield Giants,1.45,24.65,2.9,-2.5,-6.5,24.5,50.5,6,6,22,24,,,Away Try,Away,Away,David Nofoaluma,Tom Inman,0,1,0,1,0,1,0,1
2,11228,2026-07-25,17:00:00,https://www.superleague.co.uk/match-centre/report/44045,20,0,17.43,0,3.13,overcast clouds,Leigh Leopards,Warrington Wolves,1.45,21.15,2.85,-2.5,-6.5,20.5,42.5,16,6,28,12,,,Home Try,Home,Away,David Armstrong,Albert Hopoate,1,0,1,0,1,0,0,1
2,11229,2026-07-25,21:00:00,https://www.superleague.co.uk/match-centre/report/44046,20,0,21.01,1,6.48,light rain,Toulouse Olympique,Catalans Dragons,1.65,20.65,2.3,-1.5,-3.5,20.5,42.5,2,12,16,18,,,Home Pen,Away,Home,Tommy Makinson,Joe Cator,0,1,0,1,0,1,0,1
2,11230,2026-07-26,15:00:00,https://www.superleague.co.uk/match-centre/report/44047,20,0,20.52,0,1.34,scattered clouds,Leeds Rhinos,Bradford Bulls,1.01,47.3,14.25,-13.5,-28.5,27.5,56.5,18,6,42,12,,,Away Try,Away,Home,Guy Armitage,Kallum Watkins,0,1,1,0,0,1,0,1
2,11231,2026-07-30,20:00:00,https://www.superleague.co.uk/match-centre/report/44048,21,0,18.5,0,3.58,clear sky,Huddersfield Giants,Hull FC,2.4,20.3,1.6,1.5,4.5,21.5,44.5,6,10,22,16,,,Home Try,Home,Home,Chris Patolo,George Flanagan,0,1,1,0,0,1,0,1
2,11232,2026-07-31,20:00:00,https://www.superleague.co.uk/match-centre/report/44049,21,0,18.78,0,1.34,clear sky,Leigh Leopards,Wigan Warriors,2.75,22.6,1.45,2.5,6.5,21.5,44.5,8,6,8,20,,,Home Pen,Home,Away,Innes Senior,Noah Hodkinson,1,0,0,1,0,1,0,1
2,11233,2026-07-31,20:00:00,https://www.superleague.co.uk/match-centre/report/44050,21,0,21.11,0,0.89,scattered clouds,Hull Kingston Rovers,Bradford Bulls,1.01,47.05,14.75,-13.5,-28.5,27.5,55.5,16,10,40,16,,,Home Try,Home,Home,Joe Burgess,Elliot Minchella,0,1,0,1,0,1,1,0
2,11234,2026-07-31,20:00:00,https://www.superleague.co.uk/match-centre/report/44051,21,0,18.41,0,2.24,clear sky,Leeds Rhinos,Toulouse Olympique,1.05,44.4,12.55,-13.5,-27.5,27.5,56.5,18,0,46,0,,,Home Try,Home,Home,Jake Connor,Riley Lumb,1,0,1,0,0,1,0,1
2,11235,2026-08-01,15:00:00,https://www.superleague.co.uk/match-centre/report/44052,21,0,21.29,0,1.79,overcast clouds,Castleford Tigers,Warrington Wolves,3.45,25.7,1.3,4.5,9.5,23.5,48.5,18,24,18,48,,,Away Try,Away,Away,Adam Holroyd,Ben Currie,0,1,0,1,1,0,1,0
2,11236,2026-08-01,17:00:00,https://www.superleague.co.uk/match-centre/report/44053,21,0,21.61,0,6.55,broken clouds,York RLFC,St Helens,2.85,22.95,1.45,2.5,6.5,23.5,48.5,16,16,34,32,,,Away Try,Away,Away,Jake Davies,Jacob Douglas,1,0,1,0,1,0,1,0
2,11237,2026-08-01,21:00:00,https://www.superleague.co.uk/match-centre/report/44054,21,0,27.7,0,2.6,overcast clouds,Catalans Dragons,Wakefield Trinity,3.25,23.9,1.35,3.5,8.5,22.5,46.5,6,10,12,32,,,Away Try,Away,Away,Jake Trueman,Cameron Scott,0,1,0,1,0,1,0,1
2,11238,2026-08-06,20:00:00,https://www.superleague.co.uk/match-centre/report/44055,22,0,17.4,0,0.89,broken clouds,St Helens,Hull FC,1.35,23.8,3.4,-3.5,-8.5,21.5,44.5,14,14,18,32,,,Home Try,Home,Away,Lewis Murphy,James Bell,0,1,0,1,1,0,1,0
2,11239,2026-08-07,20:00:00,https://www.superleague.co.uk/match-centre/report/44056,22,0,20.22,0,0.45,scattered clouds,Wakefield Trinity,Leeds Rhinos,2.1,20.75,1.8,0.5,1.5,20.5,42.5,16,6,22,24,,,Home Try,Home,Away,Isaiah Vagana,Chris Hankinson,1,0,0,1,1,0,1,0
2,11240,2026-08-07,20:00:00,https://www.superleague.co.uk/match-centre/report/44057,22,0,20.19,0,4.64,broken clouds,Castleford Tigers,Hull Kingston Rovers,7.55,37.2,1.1,9.5,20.5,24.5,50.5,0,10,0,44,,,Away Try,Away,Away,Jez Litten,Rhyse Martin,0,1,0,1,0,1,0,1
2,11241,2026-08-07,20:00:00,https://www.superleague.co.uk/match-centre/report/44058,22,0,19.81,0,1.34,few clouds,Leigh Leopards,York RLFC,1.05,42,9.1,-10.5,-22.5,25.5,52.5,12,10,22,14,,,Away Try,Away,Away,Jonathan Bennison,Jonathan Bennison,0,1,0,1,0,1,0,1
2,11242,2026-08-08,14:00:00,https://www.superleague.co.uk/match-centre/report/44061,22,0,24.56,0,2.68,scattered clouds,Huddersfield Giants,Catalans Dragons,1.7,21.05,2.15,-0.5,-2.5,21.5,44.5,36,0,42,20,,,Home Try,Home,Away,Sam Halsall,Charlie Staines,1,0,1,0,1,0,1,0
2,11243,2026-08-08,17:00:00,https://www.superleague.co.uk/match-centre/report/44060,22,0,25.74,0,3.58,broken clouds,Wigan Warriors,Toulouse Olympique,1.01,54.2,22.65,-16.5,-34.5,27.5,56.5,24,18,48,18,,,Away Try,Away,Home,Paul Ulberg,Liam Marshall,0,1,0,1,1,0,1,0
2,11244,2026-08-08,18:00:00,https://www.superleague.co.uk/match-centre/report/44059,22,0,25.82,0,3.13,broken clouds,Bradford Bulls,Warrington Wolves,6.05,31,1.15,6.5,14.5,22.5,46.5,4,18,4,42,,,Home Try,Home,Away,Ethan Ryan,Matty Ashton,0,1,0,1,0,1,0,1
2,11245,2026-08-13,20:00:00,https://www.superleague.co.uk/match-centre/report/44062,23,0,28.87,0,8.23,broken clouds,Leeds Rhinos,Leigh Leopards,1.3,24.65,3.7,-4.5,-9.5,22.5,46.5,14,14,16,20,,,Home Try,Home,Away,Ryan Hall,Umyla Hanley,0,1,0,1,1,0,0,1
2,11246,2026-08-13,20:00:00,https://www.superleague.co.uk/match-centre/report/44064,23,0,25.97,0,3.6,overcast clouds,Hull Kingston Rovers,Catalans Dragons,1.05,41.25,10.15,-10.5,-22.5,26.5,53.5,22,6,28,10,,,Home Try,Home,Away,Jack Broadbent,Tommy Makinson,1,0,0,1,1,0,0,1
2,11247,2026-08-13,20:00:00,https://www.superleague.co.uk/match-centre/report/44065,23,0,27.31,0,7.2,scattered clouds,Warrington Wolves,York RLFC,1.1,36,7.05,-8.5,-18.5,25.5,51.5,18,10,30,10,,,Away Try,Away,Home,Paul McShane,Arron Lindop,0,1,1,0,1,0,0,1
2,11248,2026-08-14,20:00:00,https://www.superleague.co.uk/match-centre/report/44063,23,0,27.03,0,6.17,overcast clouds,Hull FC,Castleford Tigers,1.2,25.65,4.45,-5.5,-12.5,22.5,46.5,6,12,14,18,,,Away Try,Away,Away,Renouf Atoni,Liam Hood,0,1,0,1,0,1,0,1
2,11249,2026-08-15,17:00:00,https://www.superleague.co.uk/match-centre/report/44067,23,0,21.81,0,0.89,overcast clouds,Wakefield Trinity,St Helens,1.15,28.95,5.3,-5.5,-12.5,22.5,46.5,16,12,16,46,,,Home Try,Home,Away,Tyson Smoothy,Jake Davies,0,1,0,1,1,0,1,0
2,11250,2026-08-15,18:00:00,https://www.superleague.co.uk/match-centre/report/44066,23,0,18.82,0,5.81,overcast clouds,Bradford Bulls,Wigan Warriors,8.85,43.2,1.05,10.5,22.5,26.5,54.5,0,16,6,34,,,Away Try,Away,Away,Jake Wardle,Taylor Kerr,0,1,0,1,0,1,0,1
2,11251,2026-08-15,21:00:00,https://www.superleague.co.uk/match-centre/report/44068,23,0,27.12,0,1.54,overcast clouds,Toulouse Olympique,Huddersfield Giants,1.75,19.45,2.15,-1.5,-3.5,22.5,46.5,6,22,10,26,,,Away Try,Away,Home,Sam Halsall,Mathieu Jussaume,0,1,0,1,1,0,0,1
2,11252,2026-08-18,20:00:00,https://www.superleague.co.uk/match-centre/report/43915,2,0,19.91,0,5.66,overcast clouds,Hull Kingston Rovers,Warrington Wolves,1.4,22.85,3.1,-3.5,-7.5,21.5,43.5,14,10,28,34,,,Home Pen,Away,Home,Albert Hopoate,Tevita Pangai Junior,1,0,0,1,1,0,1,0
2,11253,2026-08-21,20:00:00,https://www.superleague.co.uk/match-centre/report/44070,24,0,15.79,0,0.45,scattered clouds,Wigan Warriors,Wakefield Trinity,1.15,30.2,5.65,-6.5,-14.5,22.5,46.5,20,0,26,12,,,Home Try,Home,Away,Bevan French,Ky Rodwell,1,0,0,1,0,1,0,1
2,11254,2026-08-21,20:00:00,https://www.superleague.co.uk/match-centre/report/44071,24,0,15.52,0,0.89,scattered clouds,Leigh Leopards,Bradford Bulls,1.05,40.5,11.75,-11.5,-24.5,25.5,51.5,14,4,62,10,,,Home Try,Home,Away,Robbie Mulhern,Eliot Peposhi,0,1,1,0,0,1,1,0
2,11255,2026-08-22,15:00:00,https://www.superleague.co.uk/match-centre/report/44072,24,0,19.03,0,5.14,overcast clouds,St Helens,Castleford Tigers,1.2,30.05,4.85,-6.5,-14.5,23.5,48.5,30,0,36,12,,,Home Try,Home,Away,Jack Welsby,Phoenix Laulu-Togaga'e,1,0,1,0,1,0,0,1
2,11256,2026-08-22,17:00:00,https://www.superleague.co.uk/match-centre/report/44069,24,0,18.54,0,3.6,overcast clouds,Hull Kingston Rovers,Toulouse Olympique,1.1,35.55,7.6,-8.5,-18.5,24.5,50.5,6,6,12,32,,,Away Try,Away,Home,Mathieu Jussaume,Louix Gorman,0,1,0,1,0,1,0,1
2,11257,2026-08-22,21:00:00,https://www.superleague.co.uk/match-centre/report/44073,24,0,24.77,0,2.57,clear sky,Catalans Dragons,Hull FC,1.6,20.85,2.4,-2.5,-5.5,22.5,46.5,12,14,26,27,,,Away Try,Away,Away,Logan Moy,Aidan Sezer,0,1,0,1,1,0,1,0
2,11258,2026-08-23,15:00:00,https://www.superleague.co.uk/match-centre/report/44074,24,0,20.92,0,4.12,few clouds,Warrington Wolves,Huddersfield Giants,1.2,28.65,4.75,-6.5,-14.5,25.5,51.5,22,4,34,24,,,Away Try,Away,Away,Sam Halsall,Jacob Gagai,1,0,0,1,1,0,1,0
2,11259,2026-08-23,15:00:00,https://www.superleague.co.uk/match-centre/report/44075,24,0,20.77,0,0.84,scattered clouds,York RLFC,Leeds Rhinos,6.8,38,1.1,7.5,16.5,25.5,52.5,0,36,16,66,,,Away Try,Away,Away,Riley Lumb,Chris Hankinson,0,1,0,1,1,0,1,0
2,11260,2026-08-27,20:00:00,https://www.superleague.co.uk/match-centre/report/44076,25,0,18.67,0,0.89,overcast clouds,Wigan Warriors,Hull Kingston Rovers,1.01,67,34,-20.5,-42.5,28.5,58.5,28,0,46,0,,,Home Try,Home,Home,Liam Marshall,Jake Wardle,1,0,1,0,0,1,0,1
2,11261,2026-08-28,20:00:00,https://www.superleague.co.uk/match-centre/report/44077,25,0,19.28,0,5.77,clear sky,Castleford Tigers,Catalans Dragons,1.85,19,2.05,-0.5,-1.5,21.5,44.5,6,12,6,34,,,Away Try,Away,Away,Toby Sexton,Toby Sexton,0,1,0,1,0,1,0,1
2,11262,2026-08-28,20:00:00,https://www.superleague.co.uk/match-centre/report/44078,25,0,18.15,0,6.17,clear sky,St Helens,Leeds Rhinos,3.6,26,1.3,4.5,9.5,21.5,43.5,0,18,6,34,,,Away Try,Away,Away,Chris Hankinson,Brodie Croft,0,1,0,1,0,1,0,1
2,11263,2026-08-28,20:00:00,https://www.superleague.co.uk/match-centre/report/44079,25,0,18.04,0,3.58,broken clouds,Huddersfield Giants,Leigh Leopards,4.35,26,1.2,5.5,11.5,21.5,44.5,14,6,30,18,,,Away Try,Away,Home,Owen Trout,Cole Geyer,1,0,1,0,0,1,1,0
2,11264,2026-08-29,17:00:00,https://www.superleague.co.uk/match-centre/report/44080,25,0,17.14,1.78,0.89,moderate rain,Wakefield Trinity,York RLFC,1.05,34,8,-8.5,-18.5,22.5,46.5,10,4,28,12,,,Home Try,Home,Home,Corey Hall,Lachlan Walmsley,0,1,0,1,0,1,0,1
2,11265,2026-08-29,17:00:00,https://www.superleague.co.uk/match-centre/report/44081,25,0,18.87,0,3.6,overcast clouds,Hull FC,Warrington Wolves,3.2,21,1.4,2.5,6.5,18.5,38.5,2,12,14,16,,,Away Pen,Away,Home,Leon Hayes,Tom Briscoe,0,1,1,0,0,1,0,1
2,11266,2026-08-29,21:00:00,https://www.superleague.co.uk/match-centre/report/44082,25,0,27.12,0,3.6,clear sky,Toulouse Olympique,Bradford Bulls,1.1,34,7,-8.5,-18.5,25.5,52.5,16,6,28,18,,,Home Try,Home,Away,Paul Ulberg,Alfie Leake,1,0,0,1,0,1,0,1
2,11267,2026-09-03,20:00:00,https://www.superleague.co.uk/match-centre/report/44083,26,0,17.96,0.27,7.6,light rain,Bradford Bulls,Castleford Tigers,1.8,20.7,2.05,-0.5,-2.5,19.5,40.5,26,4,32,22,,,Home Try,Home,Away,Riley Dean,Krystian Mapapalangi,1,0,1,0,1,0,1,0
2,11268,2026-09-04,19:00:00,https://www.superleague.co.uk/match-centre/report/44084,26,0,37.12,0,4.63,clear sky,Toulouse Olympique,Hull FC,1.6,22,2.4,-1.5,-3.5,23.5,47.5,30,0,44,30,,,Home Try,Home,Away,Henry O'Kane,Lewis Martin,1,0,1,0,1,0,1,0
2,11269,2026-09-04,20:00:00,https://www.superleague.co.uk/match-centre/report/44085,26,0,18.28,0,6.69,clear sky,Hull Kingston Rovers,Huddersfield Giants,1.15,29.3,5.5,-7.5,-15.5,23.5,48.5,18,6,36,6,,,Home Try,Home,Home,Elliot Minchella,Tom Davies,1,0,1,0,1,0,0,1
2,11270,2026-09-04,20:00:00,https://www.superleague.co.uk/match-centre/report/44086,26,0,17.33,0,4.92,clear sky,Leigh Leopards,St Helens,1.15,29.55,5.3,-6.5,-14.5,20.5,42.5,24,10,48,10,,,Home Try,Home,Home,Josh Charnley,Robbie Mulhern,1,0,1,0,1,0,1,0
2,11271,2026-09-05,15:00:00,https://www.superleague.co.uk/match-centre/report/44087,26,0,19.23,0,5.43,scattered clouds,Wakefield Trinity,Warrington Wolves,1.6,21.2,2.5,-1.5,-3.5,21.5,44.5,6,14,25,18,,,Away Pen,Home,Home,Tom Johnstone,Cameron Scott,0,1,1,0,0,1,0,1
2,11272,2026-09-05,20:00:00,https://www.superleague.co.uk/match-centre/report/44088,26,0,34.43,0,1.03,clear sky,Catalans Dragons,York RLFC,1.35,24.05,3.45,-4.5,-9.5,25.5,52.5,16,12,16,28,,,Home Try,Home,Away,Leo Darrelatour,Paul Vaughan,0,1,0,1,1,0,0,1
2,11273,2026-09-05,20:00:00,https://www.superleague.co.uk/match-centre/report/44089,26,0,16.57,0,3.6,clear sky,Leeds Rhinos,Wigan Warriors,1.8,17.8,2.1,-0.5,-2.5,17.5,35.5,8,16,8,40,,,Away Try,Away,Away,Adam Keighran,Adam Keighran,0,1,0,1,1,0,1,0
2,11274,2026-09-10,20:00:00,https://www.superleague.co.uk/match-centre/report/44094,27,0,15.95,0,6.66,overcast clouds,York RLFC,Bradford Bulls,1.3,25.65,3.5,-4.5,-10.5,23.5,48.5,18,12,35,16,,,Away Try,Away,Away,Ryan Sutton,Jayden Okunbor,1,0,1,0,1,0,1,0
2,11275,2026-09-11,20:00:00,https://www.superleague.co.uk/match-centre/report/44091,27,0,15.9,0,0.45,broken clouds,Leeds Rhinos,Hull FC,1.05,41.35,10.85,-13.5,-27.5,25.5,52.5,6,6,12,18,,,Away Try,Away,Home,Logan Moy,Kallum Watkins,0,1,0,1,0,1,0,1
2,11276,2026-09-11,20:00:00,https://www.superleague.co.uk/match-centre/report/44092,27,0,16.24,0,1.34,clear sky,Leigh Leopards,Wakefield Trinity,1.45,20.65,2.85,-2.5,-6.5,21.5,44.5,0,13,8,19,,,Away Try,Away,Away,Tom Johnstone,Cameron Scott,0,1,0,1,0,1,0,1
2,11277,2026-09-11,20:00:00,https://www.superleague.co.uk/match-centre/report/44093,27,0,16.27,0,2.57,scattered clouds,Warrington Wolves,Toulouse Olympique,1.9,19.85,2,0.5,-0.5,23.5,48.5,8,8,26,14,,,Away Try,Away,Home,Paul Ulberg,Josh Smith,1,0,1,0,0,1,0,1
2,11278,2026-09-11,20:00:00,https://www.superleague.co.uk/match-centre/report/44095,27,0,16.05,0,2.57,few clouds,St Helens,Hull Kingston Rovers,1.01,52.65,25.9,-17.5,-36.5,26.5,54.5,18,0,36,12,,,Home Try,Home,Home,Mark Percival,Harry Robertson,1,0,0,1,0,1,0,1
2,11279,2026-09-11,20:00:00,https://www.superleague.co.uk/match-centre/report/44096,27,0,15.9,0,2.1,clear sky,Wigan Warriors,Catalans Dragons,1.01,53.8,31.25,-19.5,-40.5,27.5,56.5,24,6,50,12,,,Home Try,Home,Away,Harry Smith,Alexis Lis,0,1,0,1,1,0,1,0
2,11280,2026-09-12,15:00:00,https://www.superleague.co.uk/match-centre/report/44090,27,0,17.7,0.15,2.24,light rain,Huddersfield Giants,Castleford Tigers,1.2,29,4.55,-5.5,-12.5,24.5,49.5,24,6,48,16,,,Home Try,Home,Home,Taane Milne,Taane Milne,1,0,1,0,1,0,1,0
